{
    "link": {
           "1": "<link href='https://www.aroma-zone.com/info/fiche-technique/poudre-ayurvedique-hibiscus-aroma-zone#ae5'>Poudre d’Hibiscus</link>",
           "2": "<link href='https://www.aroma-zone.com/info/fiche-technique/fleurs-hibiscus-bio-aroma-zone#ae5'>Fleur d’Hibiscus</link>",
           "3": "<link href='https://www.aroma-zone.com/info/fiche-technique/huile-vegetale-hibiscus-bio-aroma-zone#ae5'>Huile d’Hibiscus</link>",
           "4": "<link href='https://www.aroma-zone.com/info/fiche-technique/argile-montmorillonite-verte-surfine-aroma-zone#ae5'>Argile Verte</link>",
           "5": "<link href='https://www.aroma-zone.com/info/fiche-technique/poudre-ayurvedique-reetha-aroma-zone#ae5'>Poudre de Reetha</link>",
           "6": "<link href='https://www.aroma-zone.com/info/fiche-technique/poudre-ortie-piquante-aroma-zone#ae5'>Poudre d’Ortie</link>",
           "7": "<link href='https://www.aroma-zone.com/info/fiche-technique/poudre-ayurvedique-orange-aroma-zone#ae5'>Poudre d’Orange</link>",
           "8": "<link href='https://www.aroma-zone.com/info/fiche-technique/poudre-ayurvedique-sidr-bio-aroma-zone#ae5'>Poudre de Sidr</link>",
           "9": "<link href='https://www.aroma-zone.com/info/fiche-technique/poudre-de-pulpe-de-baobab-bio-aroma-zone#ae5'>Poudre de Fruit de Baobab</link>",
           "10": "<link href='https://www.aroma-zone.com/info/fiche-technique/poudre-ayurvedique-neem-bio-aroma-zone#ae5'>Poudre de Neem</link>",
           "11": "<link href='https://www.aroma-zone.com/info/fiche-technique/poudre-ayurvedique-tulsi-bio-aroma-zone#ae5'>Poudre de Tulsi</link>",
           "12": "<link href='https://www.aroma-zone.com/info/fiche-technique/actif-marin-spiruline-aroma-zone#ae5'>Spiruline</link>",
           "13": "<link href='https://www.aroma-zone.com/info/fiche-technique/coloration-soin-capillaire-henne-neutre-aroma-zone#ae5'>Henné neutre</link>",
           "14": "<link href='https://www.aroma-zone.com/info/fiche-technique/shampoing-vegetal-bio-aroma-zone#ae5'>Shampoing végétal AZ</link>",
           "15": "<link href='https://www.aroma-zone.com/info/fiche-technique/guimauve-en-poudre-aroma-zone#ae5'>Poudre de Guimauve</link>",
           "16": "<link href='https://www.aroma-zone.com/info/fiche-technique/shampooing-vegetal-shikakai-aroma-zone#ae5'>Poudre de Shikakai</link>",
           "17": "<link href='https://www.aroma-zone.com/info/fiche-technique/argile-blanche-surfine-kaolin-aroma-zone#ae5'>Argile Blanche</link>",
           "18": "<link href='https://www.aroma-zone.com/info/fiche-technique/poudre-riz-micronisee-bio-aroma-zone#ae5'>Poudre de Riz</link>",
           "19": "<link href='https://www.aroma-zone.com/info/fiche-technique/poudre-ayurvedique-kapoor-kachli-aroma-zone#ae5'>Poudre de Kapoor Kachli</link>",
           "20": "<link href='https://www.aroma-zone.com/info/fiche-technique/poudre-de-moringa-bio-aroma-zone#ae5'>Poudre de Moringa</link>",
           "21": "<link href='https://www.aroma-zone.com/info/fiche-technique/hydrolat-fleurs-doranger-bio-aroma-zone#ae5'>Fleur d’Oranger</link>",
           "22": "<link href='https://www.aroma-zone.com/info/fiche-technique/macerat-huileux-amla-bio-aroma-zone#ae5'>Huile d’Amla</link>",
           "23": "<link href='https://www.aroma-zone.com/info/fiche-technique/huile-vegetale-jojoba-bio-aroma-zone?page=library#ae5'>’Huile de Jojoba</link>",
           "24": "<link href='https://www.aroma-zone.com/info/fiche-technique/huile-vegetale-piqui-aroma-zone#ae5'>’Huile de Piqui</link>",
           "25": "<link href='https://www.aroma-zone.com/info/fiche-technique/huile-vegetale-brocoli-bio-aroma-zone#ae5'>Huile de Brocoli</link>",
           "26": "<link href='https://www.aroma-zone.com/info/fiche-technique/huile-vegetale-macadamia-aroma-zone#ae5'>Huile de Macadamia</link>",
           "27": "<link href='https://www.aroma-zone.com/info/fiche-technique/huile-vegetale-coco-bio-aroma-zone#ae5'>Huile de coco</link>",
           "28": "<link href='https://www.aroma-zone.com/info/fiche-technique/huile-vegetale-avocat-bio-aroma-zone#ae5'>Huile d’avocat</link>",
           "29": "<link href='https://www.aroma-zone.com/info/fiche-technique/huile-vegetale-ricin-bio-aroma-zone#ae5'>Huile de ricin</link>",
           "30": "<link href='https://www.aroma-zone.com/info/fiche-technique/huile-vegetale-moutarde-bio-aroma-zone#ae5'>Huile de moutarde</link>",
           "31": "<link href='https://www.aroma-zone.com/info/fiche-technique/huile-vegetale-pepins-de-raisin-aroma-zone#ae5'>Huile de Pépins de Raisin</link>",
           "32": "<link href='https://www.aroma-zone.com/info/fiche-technique/huile-vegetale-baobab-aroma-zone#ae5'>Huile de Baobab</link>",
           "33": "<link href='https://www.aroma-zone.com/info/fiche-technique/huile-vegetale-nigelle-bio-cumin-noir-aroma-zone#ae5'>Huile de Nigelle</link>",
           "34": "<link href='https://www.aroma-zone.com/info/fiche-technique/vinaigre-naturel-de-fleur-de-coco-bio-aroma-zone#ae5'>Vinaigre Fleur de Coco</link>",
           "35": "<link href='https://www.aroma-zone.com/info/fiche-technique/huile-essentielle-menthe-poivree-bio-aroma-zone#ae5'>Menthe poivrée</link>",
           "36": "<link href='https://www.aroma-zone.com/info/fiche-technique/huile-essentielle-ylang-ylang-complete-bio-aroma-zone#ae5'>’Ylang-Ylang</link>",
           "37": "<link href='https://www.aroma-zone.com/info/fiche-technique/huile-essentielle-pamplemousse-aroma-zone#ae5'>Pamplemousse</link>",
           "38": "<link href='https://www.aroma-zone.com/info/fiche-technique/huile-essentielle-romarin-cineole-bio-aroma-zone#ae5'>Romarin</link>",
           "39": "<link href='https://www.aroma-zone.com/info/fiche-technique/huile-essentielle-bay-st-thomas-aroma-zone#ae5'>Bay-saint-thomas </link>",
           "40": "<link href='https://www.aroma-zone.com/info/fiche-technique/beurre-vegetal-karite-sauvage-aroma-zone#ae5'>Beurre de karité</link>",
           "41": "<link href='https://www.aroma-zone.com/info/fiche-technique/beurre-vegetal-mangue-aroma-zone#ae5'>Beurre de Mangue</link>",
           "42": "<link href='https://www.aroma-zone.com/info/fiche-technique/gomme-carraghenane-aroma-zone#ae5'>Gomme Carraghénane</link>",
           "43": "<link href='https://www.aroma-zone.com/info/fiche-technique/actif-cosmetique-aha-acides-fruits-aroma-zone#ae5'>AHA - Acides de fruits</link>",
           "44": "<link href='https://www.aroma-zone.com/info/fiche-technique/actif-cosmetique-proteines-soie-hydrolysees-aroma-zone#ae5'>Protéine de soie</link>",
           "45": "<link href='https://www.aroma-zone.com/info/fiche-technique/actif-cosmetique-complexe-hydratation-intense-aroma-zone#ae5'>Complexe hydratation intense</link>",
           "46": "<link href='https://www.aroma-zone.com/info/fiche-technique/actif-cosmetique-proteines-de-riz-aroma-zone#ae5'>Protéine de riz</link>",
           "47": "<link href='https://www.aroma-zone.com/info/fiche-technique/actif-cosmetique-uree-aroma-zone#ae5'>Urée</link>",
           "48": "<link href='https://www.aroma-zone.com/info/fiche-technique/actif-cosmetique-charbon-vegetal-active-aroma-zone#ae5'>Charbon végétal</link>",
           "49": "<link href='https://www.aroma-zone.com/info/fiche-technique/actif-cosmetique-lait-de-coco-bio-en-poudre-aroma-zone#ae5'>Lait de coco</link>",
           "50": "<link href='https://www.aroma-zone.com/info/fiche-technique/glycerine-vegetale-aroma-zone#ae5'>Glycérine végétale</link>",
           "51": "<link href='https://www.aroma-zone.com/info/fiche-technique/conservateur-cosgard-aroma-zone#ae5'>Cosgard</link>",
           "52": "<link href='https://www.aroma-zone.com/info/fiche-technique/conservateur-extrait-de-pepins-de-pamplemousse-aroma-zone#ae5'>Extrait de pépins</link>",
           "53": "<link href='https://www.aroma-zone.com/info/fiche-technique/base-lavante-neutre-bio-sans-palme-aroma-zone#ae5'>Base neutre liquide</link>",
           "54": "<link href='https://www.aroma-zone.com/info/fiche-technique/base-masque-capillaire-bio-aroma-zone#ae5'>Base masque capillaire </link>",
           "55": "<link href='https://www.aroma-zone.com/info/fiche-technique/extrait-vert-en-poudre-aroma-zone#ae5'>Thé vert</link>",
           "56": "<link href='https://www.aroma-zone.com/info/fiche-technique/ecodetergent-bicarbonate-de-soude-aroma-zone#ae5'>Bicarbonate de Soude</link>",
           "57": "<link href='https://www.aroma-zone.com/info/fiche-technique/sel-rose-de-lhimalaya-aroma-zone#ae5'>Argile Verte</link>",
           "58": "<link href='https://www.aroma-zone.com/info/fiche-technique/actif-cosmetique-aha-acides-fruits-aroma-zone#ae5'>AHA acides de fruit</link>",
           "59": "<link href='https://www.aroma-zone.com/info/fiche-technique/base-masque-capillaire-bio-aroma-zone#ae5'>Base masque capillaire</link>",
           "60": "<link href='https://www.aroma-zone.com/info/fiche-technique/huile-vegetale-macadamia-bio-aroma-zone?page=library#ae5'>Huile de macadamia</link>",
           "61": "<link href='https://www.aroma-zone.com/info/fiche-technique/huile-vegetale-piqui-aroma-zone#ae5'>Huile végétale de Piqui</link>",
           "62": "<link href='https://www.aroma-zone.com/info/fiche-technique/huile-vegetale-macadamia-aroma-zone#ae5'>Huile végétale de noix de macadamia</link>",
           "63": "<link href='https://www.aroma-zone.com/info/fiche-technique/base-masque-capillaire-bio-aroma-zone#ae5'>Base neutre capillaire</link>",
           "64": "<link href='https://www.aroma-zone.com/info/fiche-technique/actif-cosmetique-provitamine-b5-aroma-zone#ae5'>Provitamine B5</link>",
           "65": "<link href='https://www.aroma-zone.com/info/fiche-technique/emulsifiant-olivem-1000-aroma-zone#ae5'>Cire émulsifiante et Olivem 1000</link>",
           "66": "<link href='https://www.aroma-zone.com/info/fiche-technique/actif-cosmetique-proteines-soie-hydrolysees-aroma-zone#ae5'>Protéines de soie</link>",
           "67": "<link href='https://www.aroma-zone.com/info/fiche-technique/huile-vegetale-olive-bio-aroma-zone#ae5'>Huille d’olive</link>",
           "68": "<link href='https://www.aroma-zone.com/info/fiche-technique/huile-vegetale-avocat-bio-aroma-zone#ae5'>Huile d’avocat</link>",
           "69": "<link href='https://www.aroma-zone.com/info/fiche-technique/shampooing-vegetal-shikakai-aroma-zone#ae5'>Poudre de Shikakaï</link>",
           "70": "<link href='https://www.aroma-zone.com/info/fiche-technique/poudre-ayurvedique-kapoor-kachli-aroma-zone#ae5'>Kapoor Kachli </link>",
           "71": "<link href='https://www.aroma-zone.com/info/fiche-technique/gel-natif-daloe-vera-bio-aroma-zone#ae5'>Gel d’Aloe Vera</link>",
           "72": "<link href='https://www.aroma-zone.com/info/fiche-technique/poudre-ayurvedique-amla-bio-aroma-zone#ae5'>Poudre d’Amla</link>",
           "73": "<link href='https://www.aroma-zone.com/info/fiche-technique/poudre-de-ginseng-bresilien-bio-aroma-zone#ae5'>crème d’avoine</link>",
           "74": "<link href='https://www.aroma-zone.com/info/fiche-technique/base-masque-capillaire-bio-aroma-zone#ae5'>Masque Capillaire</link>",
           "75": "<link href='https://www.aroma-zone.com/info/fiche-technique/base-masque-capillaire-bio-aroma-zone#ae5'>Base Capillaire</link>",
           "76": "<link href='https://www.aroma-zone.com/info/fiche-technique/poudre-riz-micronisee-bio-aroma-zone#ae5'>Riz en poudre</link>",
           "77": "<link href='https://www.aroma-zone.com/info/fiche-technique/huile-essentielle-cedre-de-latlas-bio-aroma-zone#ae5'>Cèdre atlas</link>",
           "78": "<link href='https://www.aroma-zone.com/info/fiche-technique/huile-vegetale-pepins-de-raisin-aroma-zone#ae5'>Huile de pépin de raisin</link>",
           "79": "<link href='https://www.aroma-zone.com/info/fiche-technique/beurre-vegetal-cacao-blanc-bio-en-pastilles-aroma-zone#ae5'>Beurre de cacao</link>",
           "80": "<link href='https://www.aroma-zone.com/info/fiche-technique/huile-essentielle-tea-tree-arbre-bio-aroma-zone#ae5'>Tea tree</link>",
           "81": "<link href='https://www.aroma-zone.com/info/fiche-technique/actif-cosmetique-maca-vital#ae5'>Maca vital</link>",
           "82": "<link href='https://www.aroma-zone.com/info/fiche-technique/poudre-de-ginseng-bresilien-bio-aroma-zone#ae5'>poudre de Ginseng</link>",
           "83": "<link href='https://www.aroma-zone.com/info/fiche-technique/huile-essentielle-camomille-romaine-france-bio-aroma-zone#ae5'>camomille romaine</link>",
           "84": "<link href='https://www.aroma-zone.com/info/fiche-technique/huile-vegetale-avocat-bio-aroma-zone#ae5'>Huile d’avocat</link>",
           "85": "<link href='https://www.aroma-zone.com/info/fiche-technique/actif-cosmetique-aha-acides-fruits-aroma-zone#ae5'>d’acides de fruits</link>",
           "86": "<link href='https://www.aroma-zone.com/info/fiche-technique/huile-essentielle-bay-st-thomas-aroma-zone#ae5'>d’huile essentielle de Bay-Saint-Thomas</link>",
           "87": "<link href='https://www.aroma-zone.com/info/fiche-technique/sel-rose-de-lhimalaya-aroma-zone#ae5'>Sel d’himalaya</link>",
           "88": "<link href='https://www.aroma-zone.com/info/fiche-technique/poudre-ayurvedique-nagarmotha-aroma-zone#ae5'>Nagarmotha</link>",
           "89": "<link href='https://www.aroma-zone.com/info/fiche-technique/rhassoul-du-maroc-aroma-zone#ae5'>Rhassoul</link>",
           "90": "<link href='https://www.aroma-zone.com/info/fiche-technique/argile-rouge-surfine-aroma-zone#ae5'>Argile Rouge Montmorillonite</link>",
           "91": "<link href='https://www.aroma-zone.com/info/fiche-technique/argile-violette-surfine-aroma-zone#ae5'>Argile violette</link>",
           "92": "<link href='https://www.aroma-zone.com/info/fiche-technique/actif-cosmetique-uree-aroma-zone#ae5'>Urée</link>",
           "93": "<link href='https://www.aroma-zone.com/info/fiche-technique/poudre-pivoine-aroma-zone#ae5'>Pivoine</link>",
           "94": "<link href='https://www.aroma-zone.com/info/fiche-technique/poudre-ayurvedique-fenugrec-bio-aroma-zone#ae5'>Fenugrec</link>",
           "95": "<link href='https://www.aroma-zone.com/info/fiche-technique/actif-cosmetique-complexe-hydratation-intense-aroma-zone#ae5'>Hydratation Intense</link>",
           "96": "<link href='https://www.aroma-zone.com/info/fiche-technique/coloration-soin-capillaire-rhapontic-aroma-zone#ae5'>Raphontic</link>",
           "97": "<link href='https://www.aroma-zone.com/info/fiche-technique/poudre-ayurvedique-kachur-sugandhi-aroma-zone#ae5'>Kachur Sugandhi</link>",
           "98": "<link href='https://www.aroma-zone.com/info/fiche-technique/colorant-vegetal-curcuma-poudre-aroma-zone#ae5'>Curcuma</link>",
           "99": "<link href='https://www.aroma-zone.com/info/fiche-technique/hydrolat-ylang-ylang-bio-aroma-zone#ae5'>Ylang-Ylang</link>",
           "100": "<link href='https://www.aroma-zone.com/info/fiche-technique/poudre-de-moringa-bio-aroma-zone#ae5'>Moringa</link>",
           "101": "<link href='https://www.aroma-zone.com/info/fiche-technique/poudre-ayurvedique-bhringaraj-aroma-zone#ae5'>Bhringaraj</link>",
           "102": "<link href='https://www.aroma-zone.com/info/fiche-technique/macerat-huileux-monoi-bio-aroma-zone#ae5'>Monoï</link>",
           "103": "<link href='https://www.aroma-zone.com/info/fiche-technique/huile-vegetale-kukui-aroma-zone#ae5'>Kukui</link>",
           "104": "<link href='https://www.aroma-zone.com/info/fiche-technique/huile-vegetale-sapote-aroma-zone#ae5'>Sapote</link>",
           "105": "<link href='https://www.aroma-zone.com/info/fiche-technique/huile-vegetale-carapate-aroma-zone#ae5'>Carapate</link>",
           "106": "<link href='https://www.aroma-zone.com/info/fiche-technique/poudre-ayurvedique-kapoor-kachli-aroma-zone#ae5'>Kapoor Kachli</link>",
           "107": "<link href='https://www.aroma-zone.com/info/fiche-technique/huile-vegetale-buriti-aroma-zone#ae5'>Buriti</link>",
           "108": "<link href='https://www.aroma-zone.com/info/fiche-technique/huile-vegetale-cerise-bio-aroma-zone#ae5'>Cerise</link>",
           "109": "<link href='https://www.aroma-zone.com/info/fiche-technique/huile-vegetale-amande-douce-bio-aroma-zone#ae5'>Amande douce</link>",
           "110": "<link href='https://www.aroma-zone.com/info/fiche-technique/beurre-vegetal-murumuru-sauvage-aroma-zone#ae5'>Murmuru</link>",
           "111": "<link href='https://www.aroma-zone.com/info/fiche-technique/actif-cosmetique-phytokeratine-aroma-zone#ae5'>Phytokératine</link>",
           "112": "<link href='https://www.aroma-zone.com/info/fiche-technique/gomme-agar-agar-aroma-zone#ae5'>Agar-Agar</link>",
           "113": "<link href='https://www.aroma-zone.com/info/fiche-technique/vinaigre-naturel-de-grenade-bio-aroma-zone#ae5'>Vinaigre de Grenade</link>",
           "114": "<link href='https://www.aroma-zone.com/info/fiche-technique/huile-vegetale-argan-bio-aroma-zone#ae5'>huile d’argan</link>",
           "115": "<link href='https://www.aroma-zone.com/info/fiche-technique/actif-cosmetique-lait-de-coco-bio-en-poudre-aroma-zone#ae5'>coco en poudre</link>",
           "116": "<link href='https://www.aroma-zone.com/info/fiche-technique/emulsifiant-conditionneur-vegetal-aroma-zone#ae5'>conditionner végétal</link>",
           "117": "<link href='https://www.aroma-zone.com/info/fiche-technique/huile-vegetale-sesame-bio-aroma-zone#ae5'>huile de sésame</link>",
           "118": "<link href='https://www.aroma-zone.com/info/fiche-technique/huile-vegetale-chanvre-bio-aroma-zone#ae5'>huile de chanvre</link>",
           "119": "<link href='https://www.aroma-zone.com/info/fiche-technique/actif-cosmetique-honeyquat-aroma-zone#ae5'>honeyquat</link>"
           
    }
}