{
  "indexes": [
    {
      "collectionGroup": "progUser",
      "queryScope": "COLLECTION",
      "fields": [
        {
          "fieldPath": "dateArray",
          "arrayConfig": "CONTAINS"
        },
        {
          "fieldPath": "userRef",
          "order": "ASCENDING"
        }
      ]
    },
    {
      "collectionGroup": "notifications",
      "queryScope": "COLLECTION",
      "fields": [
        {
          "fieldPath": "userRef",
          "order": "ASCENDING"
        },
        {
          "fieldPath": "create_time",
          "order": "DESCENDING"
        }
      ]
    },
    {
      "collectionGroup": "articles",
      "queryScope": "COLLECTION",
      "fields": [
        {
          "fieldPath": "isUp",
          "order": "ASCENDING"
        },
        {
          "fieldPath": "create_time",
          "order": "DESCENDING"
        }
      ]
    },
    {
      "collectionGroup": "articles",
      "queryScope": "COLLECTION",
      "fields": [
        {
          "fieldPath": "userCreate",
          "order": "ASCENDING"
        },
        {
          "fieldPath": "create_time",
          "order": "DESCENDING"
        }
      ]
    },
    {
      "collectionGroup": "detailsWeekProg",
      "queryScope": "COLLECTION",
      "fields": [
        {
          "fieldPath": "userRef",
          "order": "ASCENDING"
        },
        {
          "fieldPath": "create_time",
          "order": "DESCENDING"
        }
      ]
    }
  ],
  "fieldOverrides": [
    {
      "collectionGroup": "fcm_tokens",
      "fieldPath": "fcm_token",
      "indexes": [
        {
          "order": "ASCENDING",
          "queryScope": "COLLECTION_GROUP"
        }
      ]
    }
  ]
}