{"meta":{"format":"JSON","version":"1.1.0","projectId":"mizzuphotels","resourcePath":["programmes"],"recursive":false,"creationTime":1662444901,"app":"firefoo"},"data":{"decouverte":{"commentPasse":"Pendant 2 semaines, nous te proposons plusieurs soins maison à faire le jour de ton Wash day. Tu pourras retrouver les différentes recettes à faire en consultant ton calendrier capillaire.","create_time":{"__time__":"2022-03-01T23:00:00.000Z"},"description":"Envie de découvrir comment fonctionnent nos programmes ? Envie de tester quelques wash-day avec nous ? Ce programme DÉCOUVERTE est fait pour toi ! ","duree":100,"free":true,"imagePrincipale":"https://firebasestorage.googleapis.com/v0/b/chapchap0.appspot.com/o/programmes%2Fdecouverte%2F1Couverture_Ebook.png?alt=media&token=88901b78-628e-464c-9361-1bd2e5729229","intro":"Grâce à ce programme, tu vas pouvoir découvrir la joie et la facilité de faire tes wash-day en notre compagnie !","lienPhoto1":"https://baraboucle.com/products/coconut-mint-curl-refresh-clay-wash?_pos=2&_sid=51d9b1271&_ss=r#ae238","lienPhoto2":"https://baraboucle.com/products/shampoing-solide-boost-my-hair?_pos=1&_sid=d74560393&_ss=r#ae238","lienPhoto3":"https://baraboucle.com/products/scrub-detox-aloe-fever?_pos=1&_sid=0a00287de&_ss=r#ae238","lienPhoto4":"https://baraboucle.com/products/apres-shampoing-pink-paradise?_pos=1&_sid=4088a0675&_ss=r#ae238","lienPhoto5":"https://baraboucle.com/products/soin-masque-intense-magic-figue?_pos=1&_sid=d193f35ea&_ss=r#ae238","lienRecette1":"<s><link href='https://baraboucle.com/products/coconut-mint-curl-refresh-clay-wash?_pos=2&_sid=51d9b1271&_ss=r#ae238'>Shampoing Clarifiant</link></s>","lienRecette2":"<s><link href='https://baraboucle.com/products/shampoing-solide-boost-my-hair?_pos=1&_sid=d74560393&_ss=r#ae238'>Shampoing</link></s>","lienRecette3":"<s><link href='https://baraboucle.com/products/scrub-detox-aloe-fever?_pos=1&_sid=0a00287de&_ss=r#ae238'>Gommage Capillaire</link></s>","lienRecette4":"<s><link href='https://baraboucle.com/products/apres-shampoing-pink-paradise?_pos=1&_sid=4088a0675&_ss=r#ae238'>Après-Shampoing</link></s>","lienRecette5":"<s><link href='https://baraboucle.com/products/soin-masque-intense-magic-figue?_pos=1&_sid=d193f35ea&_ss=r#ae238'>Masque Hydratant</link></s>","listeAvantages":"🟤 Une routine toute prête sur 2 semaines\\n\\n🟤 Toutes les bases pour prendre soin de ses cheveux et comprendre leur besoin\\n\\n🟤 Des recettes simples à réaliser chaque semaine\\n\\n🟤 Des conseils, astuces et de la motivation","photoRecette1":"https://firebasestorage.googleapis.com/v0/b/chapchap0.appspot.com/o/users%2F8o5Q6btLCJSlb6DW0y2rTGqt7Ho1%2Fuploads%2F1647433363463000.jpg?alt=media&token=0c968086-aca9-4ae3-a627-772b38e7743b","photoRecette2":"https://firebasestorage.googleapis.com/v0/b/chapchap0.appspot.com/o/users%2F8o5Q6btLCJSlb6DW0y2rTGqt7Ho1%2Fuploads%2F1647434106184000.jpg?alt=media&token=688f3616-53ff-4be8-b3a9-8de942ccf754","photoRecette3":"https://firebasestorage.googleapis.com/v0/b/chapchap0.appspot.com/o/users%2F8o5Q6btLCJSlb6DW0y2rTGqt7Ho1%2Fuploads%2F1647434293929000.jpg?alt=media&token=297ccab8-d148-4b93-96a2-9f1b3c7c44a7","photoRecette4":"https://firebasestorage.googleapis.com/v0/b/chapchap0.appspot.com/o/users%2F8o5Q6btLCJSlb6DW0y2rTGqt7Ho1%2Fuploads%2F1647436236664000.jpg?alt=media&token=602c6b2c-6b3a-4447-8e1d-d949a1dfb7a9","photoRecette5":"https://firebasestorage.googleapis.com/v0/b/chapchap0.appspot.com/o/users%2F8o5Q6btLCJSlb6DW0y2rTGqt7Ho1%2Fuploads%2F1647434342028000.jpg?alt=media&token=3efec4fa-2410-4c99-8cfc-eee30c86d52e","sousTitre":"Pour tester !","titre":"Programme Découverte","__collections__":{}}}}