{"meta":{"format":"JSON","version":"1.1.0","projectId":"mizzuphotels","resourcePath":["recettes"],"recursive":false,"creationTime":1662372789,"app":"firefoo"},"data":{"EauGrenade":{"Gommage":false,"create_time":{"__time__":"2022-01-20T16:25:14.000Z"},"description":"Cette recette est adaptée à tous les types de cheveux. Elle est à utiliser après avoir rincé tous les soins. Idéal pour fermer les écailles et apporter de la brillance.","dureePrepa":5,"eauRincage":true,"etapes":"<bold>Étape 1/4</bold>\nMélanger l’eau et le vinaigre de grenade\n\nÉtape 2/4\nPrendre une grande bouteille en verre et un entonnoir\n\n<bold>Étape 3/4</bold>\nVerser le mélange dedans\n\n<bold>Étape 4/4</bold>\nAppliquer comme dernière eau de rinçage","free":false,"gel":false,"hide":true,"isUp":true,"leaveIn":false,"listeIngredients":"💧 1 L d’eau\n\n🌺 3 cuillères à soupe de <link href='https://www.aroma-zone.com/info/fiche-technique/vinaigre-naturel-de-grenade-bio-aroma-zone#ae5'>Vinaigre de Grenade</link>\n","masqueHydratant":false,"masqueNourissant":false,"masqueProteine":false,"nbIngredients":0,"niveauDifficulte":"Facile","photoPrincipale":"assets/eau/8.jpg","shampoing":false,"sprayLotion":false,"titre":"Eau de rinçage à la Grenade","userCreate":{"__ref__":"users/3G6FnWOi0VUxafamR834tP4l6my1"},"__collections__":{}},"gelAgarAgar":{"Gommage":false,"create_time":{"__time__":"2022-01-03T13:11:27.184Z"},"description":"Cette recette est adaptée aux cheveux texturés. Elle permet d’apporter de l’hydratation et de définir les boucles.Elle peut aussi s’utiliser en tant que masque hydratant.","dureePrepa":15,"eauRincage":false,"etapes":"<bold>Étape 1/3</bold>\nDans une casserole faire bouillir 150ml d’eau\n\n<bold>Étape 2/3</bold>\nAjouter la poudre d’Agar-Agar\n\n<bold>Étape 3/3</bold>\nLaisser le mélange reposer au frais pendant 3 heures. Une fois le gel obtenu, verser dans un contenant désinfecté.","free":false,"gel":true,"hide":true,"isUp":false,"leaveIn":false,"listeIngredients":"💦 150 ml d’eau\n\n🍃 1 cuillère à café de poudre d’<link href='https://www.aroma-zone.com/info/fiche-technique/gomme-agar-agar-aroma-zone#ae5'>Agar-Agar</link>","masqueHydratant":false,"masqueNourissant":false,"masqueProteine":false,"nbIngredients":100,"niveauDifficulte":"Facile","photoPrincipale":"assets/gel/8.jpg","shampoing":false,"sprayLotion":false,"titre":"Gel d’Agar Agar","userCreate":{"__ref__":"users/3G6FnWOi0VUxafamR834tP4l6my1"},"__collections__":{}},"gelGeltineVegetale":{"Gommage":false,"create_time":{"__time__":"2022-01-03T13:11:27.184Z"},"description":"Cette recette est adaptée aux cheveux texturés. Elle permet d’apporter de l’hydratation et de définir les boucles.Elle peut aussi s’utiliser en tant que masque hydratant.","dureePrepa":15,"eauRincage":false,"etapes":"<bold>Étape 1/3</bold>\nDans une casserole faire bouillir 150ml d’eau\n\n<bold>Étape 2/3</bold>\nAjouter la Gélatine\n\n<bold>Étape 3/3</bold>\nLaisser le mélange reposer au frais pendant 3 heures. Une fois le gel obtenu, verser dans un contenant désinfecté.","free":false,"gel":true,"hide":true,"isUp":false,"leaveIn":false,"listeIngredients":"💦 150 ml d’eau\n\n🍃 1 cuillère à café de poudre de Gélatine","masqueHydratant":false,"masqueNourissant":false,"masqueProteine":false,"nbIngredients":100,"niveauDifficulte":"Facile","photoPrincipale":"assets/gel/9.jpg","shampoing":false,"sprayLotion":false,"titre":"Gel à la gélatine végétale","userCreate":{"__ref__":"users/3G6FnWOi0VUxafamR834tP4l6my1"},"__collections__":{}},"gommage4":{"free":false,"Gommage":true,"create_time":{"__time__":"2021-12-31T10:53:44.000Z"},"description":"Cette recette est adaptée à tous les types de cheveux. Elle est à utiliser avant le shampoing. Elle permet de purifier et stimuler le cuir chevelu en douceur.\n","dureePrepa":5,"eauRincage":false,"etapes":"<bold>Étape 1/3</bold>\nMélanger les ingrédients\n\n<bold>Étape 2/3</bold>\nMasser délicatement le cuir chevelu à l’aide de mouvements circulaires\n\n<bold>Étape 3/3</bold>\nRincer abondamment","gel":false,"hide":true,"isUp":false,"leaveIn":false,"listeIngredients":"☕️ 1 cuillère à soupe de Marc de café\n\n🍯 1 cuillère à soupe de Miel\n\n🧴 1 cuillère à soupe <link href='https://www.aroma-zone.com/info/fiche-technique/huile-vegetale-jojoba-bio-aroma-zone?page=library#ae5'>’Huile de Jojoba</link>","masqueHydratant":false,"masqueNourissant":false,"masqueProteine":false,"nbIngredients":0,"niveauDifficulte":"Facile","photoPrincipale":"assets/gommage/4.jpg","shampoing":false,"sprayLotion":false,"titre":"Gommage au café","userCreate":{"__ref__":"users/UDEcaOlMXsVqMuraSfIIdl3wid62"},"__collections__":{}},"gommage5":{"free":false,"Gommage":true,"create_time":{"__time__":"2021-12-31T10:53:44.000Z"},"description":"Cette recette est adaptée à tous les types de cheveux. Elle est à utiliser avant le shampoing. Elle permet de purifier et stimuler le cuir chevelu en douceur.\n","dureePrepa":5,"eauRincage":false,"etapes":"<bold>Étape 1/4</bold>\nMixer les flocons d’avoine \n\n<bold>Étape 2/4</bold>\nMélanger les flocons d’avoine avec l’huile, le sucre et le miel\n\n<bold>Étape 3/4</bold>\nMasser délicatement le cuir chevelu à l’aide de mouvements circulaires\n\n<bold>Étape 4/4</bold>\nRincer abondamment","gel":false,"hide":true,"isUp":false,"leaveIn":false,"listeIngredients":"🧴 1 cuillère à soupe <link href='https://www.aroma-zone.com/info/fiche-technique/huile-vegetale-jojoba-bio-aroma-zone?page=library#ae5'>d’Huile de Jojoba</link>\n\n🥄 1 cuillère à café de sucre\n\n🍯 1 cuillère à soupe de Miel\n\n🥣 1 cuillère à soupe de flocons d’avoine","masqueHydratant":false,"masqueNourissant":false,"masqueProteine":false,"nbIngredients":0,"niveauDifficulte":"Facile","photoPrincipale":"assets/gommage/5.jpg","shampoing":false,"sprayLotion":false,"titre":"Gommage aux flocons d'avoine","userCreate":{"__ref__":"users/UDEcaOlMXsVqMuraSfIIdl3wid62"},"__collections__":{}},"gommage6":{"free":false,"Gommage":true,"create_time":{"__time__":"2021-12-31T10:53:44.000Z"},"description":"Cette recette est adaptée à tous les types de cheveux. Elle est à utiliser avant le shampoing. Elle permet de purifier et stimuler le cuir chevelu en douceur.\n","dureePrepa":5,"eauRincage":false,"etapes":"<bold>Étape 1/4</bold>\nMixer le quinoa\n\nÉtape 2/4\nMélanger le quinoa avec l’huile\n\n<bold>Étape 3/4</bold>\nMasser délicatement le cuir chevelu à l’aide de mouvements circulaires\n\n<bold>Étape 4/4</bold>\nRincer abondamment","gel":false,"hide":true,"isUp":false,"leaveIn":false,"listeIngredients":"🧴 2 cuillères à soupe <link href='https://www.aroma-zone.com/info/fiche-technique/huile-vegetale-argan-bio-aroma-zone#ae5'>Huile d’Argan</link>\n\n🥣 1 cuillère à soupe de quinoa  ","masqueHydratant":false,"masqueNourissant":false,"masqueProteine":false,"nbIngredients":0,"niveauDifficulte":"Facile","photoPrincipale":"assets/gommage/6.jpg","shampoing":false,"sprayLotion":false,"titre":"Gommage au quinoa","userCreate":{"__ref__":"users/UDEcaOlMXsVqMuraSfIIdl3wid62"},"__collections__":{}},"leaveInAvocatMoringa":{"Gommage":false,"create_time":{"__time__":"2022-01-03T13:20:19.908Z"},"description":"Cette recette est particulièrement adaptée aux cheveux texturés. Elle permet d’apporter de l’hydratation et de définir les boucles.","dureePrepa":10,"eauRincage":false,"etapes":"<bold>Étape 1/6</bold>\nDans un bol, faire fondre au bain-marie tous les ingrédients (A)\n\n<bold>Étape 2/6</bold>\nDans un second bol à part on fait également chauffer au bain-marie l’eau minérale (B) \n\n<bold>Étape 3/6</bold>nUne fois l’émulsifiant complètement fondu, on incorpore l’eau tout doucement dans le bol contenant les ingrédients (A) tout en fouettant activement sans s’arrêter pour une durée d’au moins 3 minutes. Au fur et à mesure vous allez observer le mélange s’épaissir pour former une crème.  \n\n<bold>Étape 4/6</bold>\nUne fois les 3 premières minutes écoulées, placer le bol dans un fond d’eau froide et fouetter à nouveau pendant quelques minutes jusqu’à ce que le mélange refroidisse.\n\n<bold>Étape 5/6</bold>\nAjouter ensuite le reste des ingrédients (C) et transvaser votre mélange dans un contenant désinfecté et c’est prêt\n\n<bold>Étape 6/6</bold>\nAppliquer le Leave-in sur cheveux humidifiés sur les longueurs et pointes \n","free":false,"gel":false,"hide":true,"isUp":false,"leaveIn":true,"listeIngredients":"🧴 7.20 grammes d’<link href='https://www.aroma-zone.com/info/fiche-technique/huile-vegetale-avocat-bio-aroma-zone#ae5'>Huile d’avocat</link> (A)\n\n🧴 7.20 gramme d’Huile de <link href='https://www.aroma-zone.com/info/fiche-technique/poudre-de-moringa-bio-aroma-zone#ae5'>Moringa</link> (A)\n\n🧈 4.50 grammes de Beurre de Cacao (A)\n\n🌱 10 grammes de conditionneur végétal (A)\n\n🍚 3.5 ml de <link href='https://www.aroma-zone.com/info/fiche-technique/actif-cosmetique-proteines-de-riz-aroma-zone#ae5'>Protéine de riz</link>\n\n💧 60ml d’eau minérale (B)\n\n💦 20 gouttes de <link href='https://www.aroma-zone.com/info/fiche-technique/conservateur-cosgard-aroma-zone#ae5'>Cosgard</link> (C)\n","masqueHydratant":false,"masqueNourissant":false,"masqueProteine":false,"nbIngredients":90,"niveauDifficulte":"Facile","photoPrincipale":"assets/leavein/6.jpg","shampoing":false,"sprayLotion":false,"titre":"Leave-in Avocat & Moringa","userCreate":{"__ref__":"users/3G6FnWOi0VUxafamR834tP4l6my1"},"__collections__":{}},"masqueHydratant25":{"Gommage":false,"create_time":{"__time__":"2022-01-03T17:40:49.216Z"},"description":"Cette recette est adaptée à tous les types de cheveux. \nElle est idéale pour hydrater, fortifier et apporter de la brillance.\n","dureePrepa":10,"eauRincage":false,"etapes":"<bold>Ètape 1/4</bold\nRéaliser la crème de Fenugrec la veille :\nVerser la poudre de Fenugrec dans un récipient et ajouter 250ml d’eau chaude progressivement jusqu’à obtention d’une texture homogène\nMixer à l’aide d’un batteur électrique (plongeant idéalement) et laisser le mélange reposer au moins 12 heures au frais\n\n<bold>Étape 2/4</bold>\n12 heures plus tard, ajouter les ingrédients restants et mélanger le tout\n<bold>Étape3/4>/bold>Appliquer des racines jusqu’aux pointes\n<bold>Laisser reposer 30 minutes et rincer à l’eau claire.</bold>\n\n","free":false,"gel":false,"hide":true,"isUp":false,"leaveIn":false,"listeIngredients":"🌾 1 cuillère à soupe de poudre de <link href='https://www.aroma-zone.com/info/fiche-technique/poudre-ayurvedique-fenugrec-bio-aroma-zone#ae5'>Fenugrec</link>\n\n💧 250ml d’eau\n\n🥄 3 cuillère à soupe de <link href='https://www.aroma-zone.com/info/fiche-technique/guimauve-en-poudre-aroma-zone#ae5'>Poudre de Guimauve</link>\n\n🍯 1 cuillère à soupe de miel \n\n💦 20 gouttes d’actif Complexe d’Hydratation Intense \n","masqueHydratant":true,"masqueNourissant":false,"masqueProteine":false,"nbIngredients":0,"niveauDifficulte":"Facile","photoPrincipale":"assets/hydratants/25.jpg","shampoing":false,"sprayLotion":false,"titre":"Crème de Fenugrec à la Guimauve","userCreate":{"__ref__":"users/3G6FnWOi0VUxafamR834tP4l6my1"},"__collections__":{}},"masqueHydratant26":{"Gommage":false,"create_time":{"__time__":"2022-01-03T17:40:49.216Z"},"description":"Cette recette est adaptée à tous les types de cheveux. \nElle est idéale pour hydrater, fortifier et stimuler la pousse.\n","dureePrepa":10,"eauRincage":false,"etapes":"<bold>Étape 1/6</bold>\nDans une casserole verser l’eau et le riz \n\n<bold>Étape 2/6</bold>\nFaire cuire le riz pendant une vingtaines de minutes  jusqu’à obtention d’un mélange assez pâteux  \n\n<bold>Étape 3/6</bold>nMixer ensuite le mélange jusqu’à obtention d’une crème\n\n<bold>Étape 4/6</bold>\nAjouter le reste des ingrédients\n\n<bold>Étape 5/6</bold>\nAppliquer des racines jusqu’aux pointes\n\n<bold>Étape 6/6</bold>\nLaisser poser 30 minutes et rincer à l’eau claire. \n","free":false,"gel":false,"hide":true,"isUp":false,"leaveIn":false,"listeIngredients":"💧 3 verres d’eau\n\n🥄 2 cuillère à soupe de riz\n\n🍯 1 cuillère à soupe de <link href='https://www.aroma-zone.com/info/fiche-technique/glycerine-vegetale-aroma-zone#ae5'>Glycérine végétale</link>\n\n🥄 1 cuillère à soupe de <link href='https://www.aroma-zone.com/info/fiche-technique/poudre-ayurvedique-orange-aroma-zone#ae5'>Poudre d’Orange</link> \n","masqueHydratant":true,"masqueNourissant":false,"masqueProteine":false,"nbIngredients":0,"niveauDifficulte":"Facile","photoPrincipale":"assets/hydratants/26.jpg","shampoing":false,"sprayLotion":false,"titre":"Crème de Riz à la Poudre d’Orange","userCreate":{"__ref__":"users/3G6FnWOi0VUxafamR834tP4l6my1"},"__collections__":{}},"masqueHydratant27":{"Gommage":false,"create_time":{"__time__":"2022-01-03T17:40:49.216Z"},"description":"Cette recette est adaptée à tous les types de cheveux. \nElle est idéale pour hydrater, fortifier et éclaircir les cheveux châtain et clairs.\n","dureePrepa":5,"eauRincage":false,"etapes":"<bold>Étape 1/5</bold>\nMélanger le henné dans un bol\n\n<bold>Étape 2/5</bold>\nAjouter de l’eau tiède jusqu’à obtention d’une pâte homogène\n\n<bold>Étape 3/5</bold>\nAjouter le reste des ingrédients et mélanger le tout\n\n<bold>Étape 4/5</bold>\nAppliquer des racines jusqu’aux pointes\n\n<bold>Étape 5/5</bold>\nLaisser reposer au moins 1 heure (plus le temps de pose sera long, plus les cheveux éclaircissent) \n","free":false,"gel":false,"hide":true,"isUp":false,"leaveIn":false,"listeIngredients":"🥄 3 cuillères à soupe de <link href='https://www.aroma-zone.com/info/fiche-technique/coloration-soin-capillaire-rhapontic-aroma-zone#ae5'>Raphontic</link>\n\n🥄 3 cuillères à soupe de Kachur Sugandhi\n\n🥄 1 cuillère à soupe de Curcuma \n\n🥄 1 cuillères à soupe de base neutre capillaire \n\n💧 Eau tiède\n","masqueHydratant":true,"masqueNourissant":false,"masqueProteine":false,"nbIngredients":0,"niveauDifficulte":"Facile","photoPrincipale":"assets/hydratants/27.jpg","shampoing":false,"sprayLotion":false,"titre":"Henné gloss éclaircissant","userCreate":{"__ref__":"users/3G6FnWOi0VUxafamR834tP4l6my1"},"__collections__":{}},"masqueHydratant28":{"Gommage":false,"create_time":{"__time__":"2022-01-03T17:40:49.216Z"},"description":"Cette recette est adaptée à tous les types de cheveux. \nElle est idéale pour hydrater et apporter du volume.\n","dureePrepa":5,"eauRincage":false,"etapes":"<bold>Étape 1/4</bold>\nMélanger les poudres dans un bol\n\nÉtape 2/4\nAjouter l’hydrolat jusqu’à obtention d’une crème \n\n<bold>Étape 3/4</bold>\nAppliquer des racines jusqu’aux pointes\n\n<bold>Étape 4/4</bold>\nLaisser poser 20 à 30 minutes\n","free":false,"gel":false,"hide":true,"isUp":false,"leaveIn":false,"listeIngredients":"🥄 3 cuillères à soupe de <link href='https://www.aroma-zone.com/info/fiche-technique/poudre-de-pulpe-de-baobab-bio-aroma-zone#ae5'>Poudre de Fruit de Baobab</link>\n\n🥄 2 cuillère à soupe de poudre de <link href='https://www.aroma-zone.com/info/fiche-technique/poudre-ayurvedique-kachur-sugandhi-aroma-zone#ae5'>Kachur Sugandhi</link>\n\n🥄 Environ 4 cuillères à soupe d’Hydrolat d’<link href='https://www.aroma-zone.com/info/fiche-technique/huile-essentielle-ylang-ylang-complete-bio-aroma-zone#ae5'>’Ylang-Ylang</link> \n","masqueHydratant":true,"masqueNourissant":false,"masqueProteine":false,"nbIngredients":0,"niveauDifficulte":"Facile","photoPrincipale":"assets/hydratants/28.jpg","shampoing":false,"sprayLotion":false,"titre":"Crème de Baobab & Kachur Sugandhi","userCreate":{"__ref__":"users/3G6FnWOi0VUxafamR834tP4l6my1"},"__collections__":{}},"masqueHydratant29":{"Gommage":false,"create_time":{"__time__":"2022-01-03T17:40:49.216Z"},"description":"Cette recette est adaptée à tous les types de cheveux. \nElle est idéale pour purifier les cheveux. \n","dureePrepa":5,"eauRincage":false,"etapes":"<bold>Étape 1/4</bold>\nMélanger les poudres dans un bol\n\nÉtape 2/4\nAjouter la base neutre\n\n<bold>Étape 3/4</bold>\nAppliquer des racines jusqu’aux pointes\n\n<bold>Étape 4/4</bold>\nLaisser poser 20 à 30 minutes\n","free":false,"gel":false,"hide":true,"isUp":false,"leaveIn":false,"listeIngredients":"🥄 2 cuillères à soupe de <link href='https://www.aroma-zone.com/info/fiche-technique/poudre-ayurvedique-neem-bio-aroma-zone#ae5'>Poudre de Neem</link>\n\n🥄 2 cuillères à soupe de <link href='https://www.aroma-zone.com/info/fiche-technique/poudre-de-moringa-bio-aroma-zone#ae5'>Poudre de Moringa</link> \n\n🥄 2 cuillère à soupe de <link href='https://www.aroma-zone.com/info/fiche-technique/base-masque-capillaire-bio-aroma-zone#ae5'>Base neutre capillaire</link> \n","masqueHydratant":true,"masqueNourissant":false,"masqueProteine":false,"nbIngredients":0,"niveauDifficulte":"Facile","photoPrincipale":"assets/hydratants/29.jpg","shampoing":false,"sprayLotion":false,"titre":"Masque purifiant aux poudre de Neem & Moringa","userCreate":{"__ref__":"users/3G6FnWOi0VUxafamR834tP4l6my1"},"__collections__":{}},"masqueHydratant30":{"Gommage":false,"create_time":{"__time__":"2022-01-03T17:40:49.216Z"},"description":"Cette recette est adaptée à tous les types de cheveux. \nElle est idéale pour fortifier les cheveux et lutter contre les cheveux blanc.\n","dureePrepa":5,"eauRincage":false,"etapes":"<bold>Étape 1/4</bold>\nMélanger les poudres dans un bol\n\nÉtape 2/4\nAjouter la base neutre \n\n<bold>Étape 3/4</bold>\nAppliquer des racines jusqu’aux pointes\n\n<bold>Étape 4/4</bold>\nLaisser poser 20 à 30 minutes\n","free":false,"gel":false,"hide":true,"isUp":false,"leaveIn":false,"listeIngredients":"🥄 2 cuillères à soupe de poudre de <link href='https://www.aroma-zone.com/info/fiche-technique/poudre-ayurvedique-bhringaraj-aroma-zone#ae5'>Bhringaraj</link>\n\n🥄 2 cuillères à soupe de poudre de <link href='https://www.aroma-zone.com/info/fiche-technique/poudre-ayurvedique-nagarmotha-aroma-zone#ae5'>Nagarmotha</link>\n\n🥄 1 cuillère à soupe de <link href='https://www.aroma-zone.com/info/fiche-technique/shampooing-vegetal-shikakai-aroma-zone#ae5'>Poudre de Shikakaï</link>\n\n🥄 2 cuillère à soupe de <link href='https://www.aroma-zone.com/info/fiche-technique/base-masque-capillaire-bio-aroma-zone#ae5'>Base neutre capillaire</link> \n","masqueHydratant":true,"masqueNourissant":false,"masqueProteine":false,"nbIngredients":0,"niveauDifficulte":"Facile","photoPrincipale":"assets/hydratants/30.jpg","shampoing":false,"sprayLotion":false,"titre":"Masque anti-âge à la poudre de Bhringaraj","userCreate":{"__ref__":"users/3G6FnWOi0VUxafamR834tP4l6my1"},"__collections__":{}},"masqueNourrissant20":{"Gommage":false,"create_time":{"__time__":"2022-01-03T18:28:11.811Z"},"description":"Cette recette est adaptée à tous les types de cheveux. \nElle est idéale pour nourrir en profondeur, fortifier et stimuler la pousse.\n\n","dureePrepa":5,"eauRincage":false,"etapes":"<bold>Étape 1/6</bold>\nDans un tube (avec embout applicateur de préférence), \nverser tous les ingrédients\n\n<bold>Étape 2/6</bold>\nFermer et secouer\n\n<bold>Étape 3/6</bold>nAppliquer le mélange avant le shampoing directement sur les racines et masser le cuir chevelu pendant 5 minutes\n\n<bold>Étape 4/6</bold>\nAppliquer ensuite sur les longueurs \n\n<bold>Étape 5/6</bold>\nLaisser poser 30min à une nuit\n\n<bold>Étape 6/6</bold>\nRincer à l’aide d’un shampoing\n","free":false,"gel":false,"hide":true,"isUp":false,"leaveIn":false,"listeIngredients":"Pour une contenance de 50ml:\n\n ½ d’huile de Sésame (≃ 3 cuillères à soupe)\n ½ d’huile d’Huile de Chanvre (≃ 3 cuillères à soupe)\n\nFacultatif : \n\n 1 Flacon en verre\n 1 embout applicateur\n","masqueHydratant":false,"masqueNourissant":true,"masqueProteine":false,"nbIngredients":0,"niveauDifficulte":"Facile","photoPrincipale":"assets/nourissant/20.jpg","shampoing":false,"sprayLotion":false,"titre":"Bain d’huile à l’Huile de Sésame & Huile de Chanvre ","userCreate":{"__ref__":"users/3G6FnWOi0VUxafamR834tP4l6my1"},"__collections__":{}},"masqueNourrissant21":{"Gommage":false,"create_time":{"__time__":"2022-01-03T18:28:11.811Z"},"description":"Cette recette est adaptée à tous les types de cheveux. \nElle est idéale pour nourrir en profondeur, fortifier les cheveux et les protéger. \n","dureePrepa":5,"eauRincage":false,"etapes":"<bold>Étape 1/6</bold>\nDans un tube (avec embout applicateur de préférence), \nverser tous les ingrédients\n\n<bold>Étape 2/6</bold>\nFermer et secouer\n\n<bold>Étape 3/6</bold>nAppliquer le mélange avant le shampoing directement sur les racines et masser le cuir chevelu pendant 5 minutes\n\n<bold>Étape 4/6</bold>\nAppliquer ensuite sur les longueurs \n\n<bold>Étape 5/6</bold>\nLaisser poser 30min à une nuit\n\n<bold>Étape 6/6</bold>\nRincer à l’aide d’un shampoing\n","free":false,"gel":false,"hide":true,"isUp":false,"leaveIn":false,"listeIngredients":"Pour une contenance de 50ml:\n\n ½ de macérât de <link href='https://www.aroma-zone.com/info/fiche-technique/macerat-huileux-monoi-bio-aroma-zone#ae5'>Monoï</link> (≃ 3 cuillères à soupe)\n ½ d’huile de <link href='https://www.aroma-zone.com/info/fiche-technique/huile-vegetale-kukui-aroma-zone#ae5'>Kukui</link> (≃ 3 cuillères à soupe)\n\nFacultatif : \n\n 1 Flacon en verre\n 1 embout applicateur\n","masqueHydratant":false,"masqueNourissant":true,"masqueProteine":false,"nbIngredients":0,"niveauDifficulte":"Facile","photoPrincipale":"assets/nourissant/21.jpg","shampoing":false,"sprayLotion":false,"titre":"Bain d’huile au Monoï","userCreate":{"__ref__":"users/3G6FnWOi0VUxafamR834tP4l6my1"},"__collections__":{}},"masqueNourrissant22":{"Gommage":false,"create_time":{"__time__":"2022-01-03T18:28:11.811Z"},"description":"Cette recette est adaptée à tous les types de cheveux. \nElle est idéale pour nourrir en profondeur, fortifier les cheveux et stimuler la pousse \n","dureePrepa":5,"eauRincage":false,"etapes":"<bold>Étape 1/6</bold>\nDans un tube (avec embout applicateur de préférence), \nverser tous les ingrédients\n\n<bold>Étape 2/6</bold>\nFermer et secouer\n\n<bold>Étape 3/6</bold>nAppliquer le mélange avant le shampoing directement sur les racines et masser le cuir chevelu pendant 5 minutes\n\n<bold>Étape 4/6</bold>\nAppliquer ensuite sur les longueurs \n\n<bold>Étape 5/6</bold>\nLaisser poser 30min à une nuit\n\n<bold>Étape 6/6</bold>\nRincer à l’aide d’un shampoing\n","free":false,"gel":false,"hide":true,"isUp":false,"leaveIn":false,"listeIngredients":"Pour une contenance de 50ml:\n\n ½ d’huile de <link href='https://www.aroma-zone.com/info/fiche-technique/huile-vegetale-sapote-aroma-zone#ae5'>Sapote</link> (≃ 3 cuillères à soupe)\n ½ d’huile de <link href='https://www.aroma-zone.com/info/fiche-technique/huile-vegetale-carapate-aroma-zone#ae5'>Carapate</link> (≃ 3 cuillères à soupe)\n\nFacultatif : \n\n 1 Flacon en verre\n 1 embout applicateur\n","masqueHydratant":false,"masqueNourissant":true,"masqueProteine":false,"nbIngredients":0,"niveauDifficulte":"Facile","photoPrincipale":"assets/nourissant/22.jpg","shampoing":false,"sprayLotion":false,"titre":"Bain d’huile Sapote & Carapate","userCreate":{"__ref__":"users/3G6FnWOi0VUxafamR834tP4l6my1"},"__collections__":{}},"masqueNourrissant23":{"Gommage":false,"create_time":{"__time__":"2022-01-03T18:28:11.811Z"},"description":"Cette recette est adaptée à tous les types de cheveux. \nElle est idéale pour nourrir, fortifier et apporter du volume aux cheveux fins. \n","dureePrepa":5,"eauRincage":false,"etapes":"<bold>Étape 1/5</bold>\nMélanger les poudres entre elles\n\n<bold>Étape 2/5</bold>\nAjouter les huiles \n\n<bold>Étape 3/5</bold>\nAjouter un petit peu d’eau tiède jusqu’à obtention d’une pâte homogène\n\n<bold>Étape 4/5</bold>\nAppliquer des racines jusqu’aux pointes \n\n<bold>Étape 5/5</bold>\nLaisser poser au minimum 1 heure avant le shampoing et rincer à l’aide de son shampoing\n","free":false,"gel":false,"hide":true,"isUp":false,"leaveIn":false,"listeIngredients":"🌱 3 cuillère à soupe de poudre de <link href='https://www.aroma-zone.com/info/fiche-technique/poudre-ayurvedique-kachur-sugandhi-aroma-zone#ae5'>Kachur Sugandhi</link>\n\n🌱 1 cuillère à soupe de <link href='https://www.aroma-zone.com/info/fiche-technique/poudre-ayurvedique-kapoor-kachli-aroma-zone#ae5'>Poudre de Kapoor Kachli</link> \n\n🧴 1 cuillère à café d’<link href='https://www.aroma-zone.com/info/fiche-technique/huile-vegetale-ricin-bio-aroma-zone#ae5'>Huile de ricin</link>\n\n🍯 1 cuillère à café d’<link href='https://www.aroma-zone.com/info/fiche-technique/huile-vegetale-moutarde-bio-aroma-zone#ae5'>Huile de moutarde</link> \n","masqueHydratant":false,"masqueNourissant":true,"masqueProteine":false,"nbIngredients":0,"niveauDifficulte":"Facile","photoPrincipale":"assets/nourissant/23.jpg","shampoing":false,"sprayLotion":false,"titre":"Masque nourrissant volume & brillance","userCreate":{"__ref__":"users/3G6FnWOi0VUxafamR834tP4l6my1"},"__collections__":{}},"masqueNourrissant24":{"Gommage":false,"create_time":{"__time__":"2022-01-03T18:28:11.811Z"},"description":"Cette recette est adaptée à tous les types de cheveux. \nElle est idéale pour nourrir en profondeur, apporter de la brillance, préserver la coloration et protéger les cheveux l’été.\n","dureePrepa":5,"eauRincage":false,"etapes":"<bold>Étape 1/6</bold>\nDans un flacon (avec embout applicateur de préférence), verser les huiles.\n\n<bold>Étape 2/6</bold>\nFermer et secouer\n\n<bold>Étape 3/6</bold>nAppliquer le mélange avant le shampoing directement sur les racines et masser le cuir chevelu \n\n<bold>Étape 4/6</bold>\nAppliquer ensuite sur les longueurs \n\n<bold>Étape 5/6</bold>\nLaisser poser 30min à une nuit\n\n<bold>Étape 6/6</bold>\nRincer à l’aide d’un shampoing","free":false,"gel":false,"hide":true,"isUp":false,"leaveIn":false,"listeIngredients":"🧴 4 cuillères à soupe d’huile d’huile de <link href='https://www.aroma-zone.com/info/fiche-technique/huile-vegetale-buriti-aroma-zone#ae5'>Buriti</link>\n\n🥄 2 cuillères à soupe d’huile de <link href='https://www.aroma-zone.com/info/fiche-technique/huile-vegetale-cerise-bio-aroma-zone#ae5'>Cerise</link> \n\n🥄 1 cuillère à soupe d’huile d’<link href='https://www.aroma-zone.com/info/fiche-technique/huile-vegetale-amande-douce-bio-aroma-zone#ae5'>Amande douce</link> \n","masqueHydratant":false,"masqueNourissant":true,"masqueProteine":false,"nbIngredients":180,"niveauDifficulte":"Facile","photoPrincipale":"assets/nourissant/24.jpg","shampoing":false,"sprayLotion":false,"titre":"Sérum protecteur à l’huile de Buriti","userCreate":{"__ref__":"users/3G6FnWOi0VUxafamR834tP4l6my1"},"__collections__":{}},"masqueNourrissant25":{"Gommage":false,"create_time":{"__time__":"2022-01-03T18:28:11.811Z"},"description":"Cette recette est adaptée à tous les types de cheveux. \nElle est idéale pour nourrir en profondeur et fortifier les cheveux.\n","dureePrepa":10,"eauRincage":false,"etapes":"<bold>Étape 1/6</bold>\nFaire fondre le beurre de Murumuru au bain marie\n\n<bold>Étape 2/6</bold>\nHors du feu, ajouter le reste des ingrédients et mélanger\n\n<bold>Étape 3/6</bold>nVerser la préparation dans un contenant en pot\n\n<bold>Étape 4/6</bold>\nLaisser reposer le mélanger au frais 10 minutes \n\n<bold>Étape 5/6</bold>\nAppliquer sur les longueurs et les pointes avant le shampoing ou pour sceller l’hydratation\n\n<bold>Étape 6/6</bold>\nLaisser poser 30min à une nuit","free":false,"gel":false,"hide":true,"isUp":false,"leaveIn":false,"listeIngredients":"🥄 10 cuillères à soupe de beurre de <link href='https://www.aroma-zone.com/info/fiche-technique/beurre-vegetal-murumuru-sauvage-aroma-zone#ae5'>Murmuru</link>\n\n🥄 2 cuillères à soupe d’<link href='https://www.aroma-zone.com/info/fiche-technique/huile-vegetale-coco-bio-aroma-zone#ae5'>Huile de coco</link>\n\n🥄 4 cuillères à soupe d’<link href='https://www.aroma-zone.com/info/fiche-technique/huile-vegetale-jojoba-bio-aroma-zone?page=library#ae5'>’Huile de Jojoba</link> \n\n🥄 1 cuillère à soupe d’huile de <link href='https://www.aroma-zone.com/info/fiche-technique/huile-vegetale-carapate-aroma-zone#ae5'>Carapate</link> \n\nFacultatif :\n1 pot de 100ml\n\n","masqueHydratant":false,"masqueNourissant":true,"masqueProteine":false,"nbIngredients":90,"niveauDifficulte":"Facile","photoPrincipale":"assets/nourissant/25.jpg","shampoing":false,"sprayLotion":false,"titre":"Baume réparateur au Beurre de Murumuru","userCreate":{"__ref__":"users/3G6FnWOi0VUxafamR834tP4l6my1"},"__collections__":{}},"masqueProteineCurcuma":{"Gommage":false,"create_time":{"__time__":"2022-01-03T18:00:20.178Z"},"description":"Cette recette est adaptée à tous les types de cheveux. \nElle est idéale pour hydrater, fortifier et apporter de la brillance\n","dureePrepa":10,"eauRincage":false,"etapes":"<bold>Étape 1/5</bold>\nMélanger les poudres entre elles\n\n<bold>Étape 2/5</bold>\nAjouter de l’eau tiède jusqu’à obtention \nd’une pâte homogène\n\n<bold>Étape 3/5</bold>\nAjouter les gouttes de protéines de soie et mélanger le tout\n\n<bold>Étape 4/5</bold>\nAppliquer des racines jusqu’aux pointes\n\n<bold>Étape 5/5</bold>\nLaisser reposer 20 à 30 minutes et rincer à l’eau claire\n","free":false,"gel":false,"hide":true,"isUp":false,"leaveIn":false,"listeIngredients":"🥣 3 cuillères à soupe de poudre de <link href='https://www.aroma-zone.com/info/fiche-technique/actif-marin-spiruline-aroma-zone#ae5'>Spiruline</link>\n\n🥄 1  cuillère à soupe de <link href='https://www.aroma-zone.com/info/fiche-technique/colorant-vegetal-curcuma-poudre-aroma-zone#ae5'>Curcuma</link>  \n\n💧 Eau tiède \n\n💦 15 gouttes de <link href='https://www.aroma-zone.com/info/fiche-technique/actif-cosmetique-proteines-soie-hydrolysees-aroma-zone#ae5'>Protéine de soie</link>  \n","masqueHydratant":false,"masqueNourissant":false,"masqueProteine":true,"nbIngredients":0,"niveauDifficulte":"Facile","photoPrincipale":"assets/proteine/7.jpg","shampoing":false,"sprayLotion":false,"titre":"Masque protéiné à la spiruline et au curcuma ","userCreate":{"__ref__":"users/3G6FnWOi0VUxafamR834tP4l6my1"},"__collections__":{}},"masqueProteinePhytokeratine":{"Gommage":false,"create_time":{"__time__":"2022-01-03T18:00:20.178Z"},"description":"Cette recette est adaptée à tous les types de cheveux. \nElle est idéale pour hydrater, fortifier et apporter de la brillance\n","dureePrepa":10,"eauRincage":false,"etapes":"<bold>Étape 1/4</bold>\nDans une casserole porter à ébullition l’eau, \nle sucre et le jus de citron\n\nÉtape 2/4\nLaisser ensuite refroidir le mélange et ajouter \nla Protéines de riz \n\n<bold>Étape 3/4</bold>\nAppliquer des racines jusqu’aux pointes\n\n<bold>Étape 4/4</bold>\nLaisser reposer 20 à 30 minutes et rincer à l’eau claire\n","free":false,"gel":false,"hide":true,"isUp":false,"leaveIn":false,"listeIngredients":"🥣 1 verre de sucre\n\n💧 1/2 verre d’eau \n\n🍋 1/2 jus de citron\n\n💦 30 gouttes de <link href='https://www.aroma-zone.com/info/fiche-technique/actif-cosmetique-proteines-de-riz-aroma-zone#ae5'>Protéine de riz</link> \n","masqueHydratant":false,"masqueNourissant":false,"masqueProteine":true,"nbIngredients":0,"niveauDifficulte":"Facile","photoPrincipale":"assets/proteine/6.jpg","shampoing":false,"sprayLotion":false,"titre":"Sirop de sucre protéiné","userCreate":{"__ref__":"users/3G6FnWOi0VUxafamR834tP4l6my1"},"__collections__":{}},"masqueProteinesiropSucreProteine":{"Gommage":false,"create_time":{"__time__":"2022-01-03T18:00:20.178Z"},"description":"Cette recette est adaptée à tous les types de cheveux. \nElle est idéale pour hydrater, fortifier et apporter de la brillance\n","dureePrepa":10,"eauRincage":false,"etapes":"<bold>Étape 1/5</bold>\nDans une casserole, ajouter la Maïzena et \nl’eau et mélanger hors du feu\n\n<bold>Étape 2/5</bold>\nÀ feu doux, mijoter la préparation jusqu’à l’obtention \nd’une texture crémeuse\n\n<bold>Étape 3/5</bold>\nHors du feu, ajouter la Phytokératine\n\n<bold>Étape 4/5</bold>\nAppliquer des racines jusqu’aux pointes\n\n<bold>Étape 5/5</bold>\nLaisser reposer 20 à 30 minutes et rincer\nà l’eau claire\n","free":false,"gel":false,"hide":true,"isUp":false,"leaveIn":false,"listeIngredients":"💧 2 cuillères à soupe de Maïzena\n\n💧 1 verre d’eau \n\n🍃 1 cuillère à soupe de <link href='https://www.aroma-zone.com/info/fiche-technique/actif-cosmetique-phytokeratine-aroma-zone#ae5'>Phytokératine</link> \n","masqueHydratant":false,"masqueNourissant":false,"masqueProteine":true,"nbIngredients":0,"niveauDifficulte":"Facile","photoPrincipale":"assets/proteine/5.jpg","shampoing":false,"sprayLotion":false,"titre":"Masque protéiné à la maïzena et à la phytokératine","userCreate":{"__ref__":"users/3G6FnWOi0VUxafamR834tP4l6my1"},"__collections__":{}},"rincageTheNoir":{"Gommage":false,"create_time":{"__time__":"2022-01-20T16:25:14.000Z"},"description":"Cette recette est adaptée à tous les types de cheveux. Elle est à utiliser après avoir rincé tous les soins. Idéal pour fermer les écailles et apporter de la brillance.","dureePrepa":10,"eauRincage":true,"etapes":"<bold>Étape 1/4</bold>\nDans de l’eau chaude, faire infuser le thé noir 5 min \n\nÉtape 2/4\nPrendre une grande bouteille en verre et un entonnoir\n\n<bold>Étape 3/4</bold>\nVerser le mélange filtré dedans\n\n<bold>Étape 4/4</bold>\nAppliquer comme dernière eau de rinçage","free":false,"gel":false,"hide":true,"isUp":true,"leaveIn":false,"listeIngredients":"💧 1 L d’eau\n\n🌺 3 cuillères à soupe de thé noir\n","masqueHydratant":false,"masqueNourissant":false,"masqueProteine":false,"nbIngredients":0,"niveauDifficulte":"Facile","photoPrincipale":"assets/eau/7.jpg","shampoing":false,"sprayLotion":false,"titre":"Eau de rinçage au thé noir","userCreate":{"__ref__":"users/3G6FnWOi0VUxafamR834tP4l6my1"},"__collections__":{}},"sprayFleurCoco":{"Gommage":false,"create_time":{"__time__":"2021-12-31T18:00:30.820Z"},"description":"Cette recette est particulièrement adaptée aux cheveux texturés. Elle permet d’apporter de l’hydratation, de rafraîchir les boucles et d’apaiser les démangeaisons.","dureePrepa":5,"eauRincage":false,"etapes":"<bold>Étape 1/4</bold>\nMélanger l’ensemble des ingrédients.\n\nÉtape 2/4\nTransvaser dans un contenant spray de 100ml\n\n<bold>Étape 3/4</bold>\nSecouer avant chaque utilisation\n\n<bold>Étape 4/4</bold>\nVaporiser sur les longueurs\n","free":false,"gel":false,"hide":true,"isUp":false,"leaveIn":false,"listeIngredients":"💧 60ml d’eau \n\n💦 30 ml de vinaigre de <link href='https://www.aroma-zone.com/info/fiche-technique/vinaigre-naturel-de-fleur-de-coco-bio-aroma-zone#ae5'>Vinaigre Fleur de Coco</link> \n\n💦 4,5ml d’actif cosmétique Honeyquat\n\n💦 65 gouttes de protéines de soie\n\n💦 19 gouttes de cosgard\n\n(facultatif) 1 Flacon en verre 100ml","masqueHydratant":false,"masqueNourissant":false,"masqueProteine":false,"nbIngredients":90,"niveauDifficulte":"Facile","photoPrincipale":"assets/lotion/9.jpg","shampoing":false,"sprayLotion":true,"titre":"Spray démêlant au vinaigre de fleur de coco","userCreate":{"__ref__":"users/3G6FnWOi0VUxafamR834tP4l6my1"},"__collections__":{}}}}