{"meta":{"format":"JSON","version":"1.1.0","projectId":"chapchap0","resourcePath":["recettes"],"recursive":false,"creationTime":1662104644,"app":"firefoo"},"data":{"Lq3YSmh4YN2QDXQZMWWq":{"Gommage":true,"create_time":{"__time__":"2021-12-30T10:53:44.588Z"},"description":"Cette recette est adaptée à tous les types de cheveux.\nElle est à utiliser avant le shampoing. Elle permet de   purifier et stimuler le cuir chevelu en douceur. \n","dureePrepa":5,"eauRincage":false,"etapes":"Étape 1/3 \nMélanger les ingrédients\n\nÉtape 2/3 \nMasser délicatement le cuir chevelu à l’aide de mouvements circulaires\n\nÉtape 3/3 \nRincer abondamment","gel":false,"isUp":false,"leaveIn":false,"listeIngredients":"🧴 3 cuillères à soupe de masque/après shampoing/base neutre\n\n🍃 1 cuillère à soupe de gel d'aloe vera\n\n🍋 10 gouttes d’acides de fruits (AHA)","masqueHydratant":false,"masqueNourissant":false,"masqueProteine":false,"nbIngredients":0,"niveauDifficulte":"Facile","photoPrincipale":"assets/gommage/3.jpeg","shampoing":false,"sprayLotion":false,"titre":"Gommage capillaire aux Acides de fruits","userCreate":{"__ref__":"users/UDEcaOlMXsVqMuraSfIIdl3wid62"},"__collections__":{}},"gommage4":{"Gommage":true,"create_time":{"__time__":"2021-12-31T10:53:44.000Z"},"description":"Cette recette est adaptée à tous les types de cheveux. Elle est à utiliser avant le shampoing. Elle permet de purifier et stimuler le cuir chevelu en douceur.\n","dureePrepa":5,"eauRincage":false,"etapes":"Étape 1/3 \nMélanger les ingrédients\n\nÉtape 2/3 \nMasser délicatement le cuir chevelu à l’aide de mouvements circulaires\n\nÉtape 3/3 \nRincer abondamment","gel":false,"isUp":false,"leaveIn":false,"listeIngredients":"☕️ 1 cuillère à soupe de Marc de café\n\n🍯 1 cuillère à soupe de Miel\n\n🧴 1 cuillère à soupe d’huile de Jojoba","masqueHydratant":false,"masqueNourissant":false,"masqueProteine":false,"nbIngredients":0,"niveauDifficulte":"Facile","photoPrincipale":"https://firebasestorage.googleapis.com/v0/b/chapchap0.appspot.com/o/gommage%2F4.png?alt=media&token=e63f0ae5-3be9-4358-a192-f5f8cfb05e81","shampoing":false,"sprayLotion":false,"titre":"Gommage au café","userCreate":{"__ref__":"users/UDEcaOlMXsVqMuraSfIIdl3wid62"},"__collections__":{}},"gommage5":{"Gommage":true,"create_time":{"__time__":"2021-12-31T10:53:44.000Z"},"description":"Cette recette est adaptée à tous les types de cheveux. Elle est à utiliser avant le shampoing. Elle permet de purifier et stimuler le cuir chevelu en douceur.\n","dureePrepa":5,"eauRincage":false,"etapes":"Étape 1/4 \nMixer les flocons d’avoine \n\nÉtape 2/4 \nMélanger les flocons d’avoine avec l’huile, le sucre et le miel\n\nÉtape 3/4 \nMasser délicatement le cuir chevelu à l’aide de mouvements circulaires\n\nÉtape 4/4\nRincer abondamment","gel":false,"isUp":false,"leaveIn":false,"listeIngredients":"🧴 1 cuillère à soupe d’huile de Jojoba\n\n🥄 1 cuillère à café de sucre\n\n🍯 1 cuillère à soupe de Miel\n\n🥣 1 cuillère à soupe de flocons d’avoine  ","masqueHydratant":false,"masqueNourissant":false,"masqueProteine":false,"nbIngredients":0,"niveauDifficulte":"Facile","photoPrincipale":"https://firebasestorage.googleapis.com/v0/b/chapchap0.appspot.com/o/gommage%2F5.png?alt=media&token=e9bc74ea-1225-4b3a-a252-52fdb8bad2b4","shampoing":false,"sprayLotion":false,"titre":"Gommage aux flocons d'avoine","userCreate":{"__ref__":"users/UDEcaOlMXsVqMuraSfIIdl3wid62"},"__collections__":{}},"gommage6":{"Gommage":true,"create_time":{"__time__":"2021-12-31T10:53:44.000Z"},"description":"Cette recette est adaptée à tous les types de cheveux. Elle est à utiliser avant le shampoing. Elle permet de purifier et stimuler le cuir chevelu en douceur.\n","dureePrepa":5,"eauRincage":false,"etapes":"Étape 1/4 \nMixer le quinoa\n\nÉtape 2/4 \nMélanger le quinoa avec l’huile\n\nÉtape 3/4 \nMasser délicatement le cuir chevelu à l’aide de mouvements circulaires\n\nÉtape 4/4\nRincer abondamment","gel":false,"isUp":false,"leaveIn":false,"listeIngredients":"🧴 2 cuillères à soupe d’huile d’argan\n\n🥣 1 cuillère à soupe de quinoa  ","masqueHydratant":false,"masqueNourissant":false,"masqueProteine":false,"nbIngredients":0,"niveauDifficulte":"Facile","photoPrincipale":"https://firebasestorage.googleapis.com/v0/b/chapchap0.appspot.com/o/gommage%2F6.png?alt=media&token=aae0a7be-811f-4def-9f6f-5adef555655b","shampoing":false,"sprayLotion":false,"titre":"Gommage au quinoa","userCreate":{"__ref__":"users/UDEcaOlMXsVqMuraSfIIdl3wid62"},"__collections__":{}},"EAHyD1f1SnGv2lnBapa0":{"Gommage":true,"create_time":{"__time__":"2021-12-30T22:27:17.285Z"},"description":"Cette recette est adaptée à tous les types de cheveux. Elle est à utiliser avant le shampoing. Elle permet de purifier et stimuler le cuir chevelu en douceur.","dureePrepa":5,"eauRincage":false,"etapes":"Étape 1/3\nMélanger les ingrédients\n\nÉtape 2/3\nMasser délicatement le cuir chevelu à l’aide de mouvements circulaires\n\nÉtape 3/3\nRincer abondamment\n","gel":false,"isUp":false,"leaveIn":false,"listeIngredients":"🍯 1 cuillère à soupe de miel ou de sirop d’agave \n\n🧂 1 cuillère à café de sucre \n\n🍃 1 cuillère à café d’huile végétale (ex: huile de jojoba)\n\n💧 1 cuillère à soupe d’eau\n","masqueHydratant":false,"masqueNourissant":false,"masqueProteine":false,"nbIngredients":0,"niveauDifficulte":"Facile","photoPrincipale":"assets/gommage/2.jpg","shampoing":false,"sprayLotion":false,"titre":"Gommage capillaire au Sucre","userCreate":{"__ref__":"users/3G6FnWOi0VUxafamR834tP4l6my1"},"__collections__":{}},"CtZvxu33cISAI3wXuhCg":{"Gommage":true,"create_time":{"__time__":"2021-12-30T22:20:02.700Z"},"description":"Cette recette est adaptée à tous les types de cheveux.\nElle   est à utiliser avant le shampoing. Elle permet de   purifier et stimuler le cuir chevelu en douceur.\n","dureePrepa":2,"eauRincage":false,"etapes":"Étape 1/3\nMélanger les ingrédients\n\nÉtape 2/3\nMasser délicatement le cuir chevelu à l’aide de mouvements circulaires\n\nÉtape 3/3\nRincer abondamment","gel":false,"isUp":false,"leaveIn":false,"listeIngredients":"🍃 2 cuillères à soupe d’argile verte\n\n💧 3 cuillères à soupe d’eau\n\n🧂 1 cuillère à soupe de sel d’Himalaya\n","masqueHydratant":false,"masqueNourissant":false,"masqueProteine":false,"nbIngredients":0,"niveauDifficulte":"Facile","photoPrincipale":"assets/gommage/1.jpeg","shampoing":false,"sprayLotion":false,"titre":"Gommage capillaire à l'Argile verte et au Sel","userCreate":{"__ref__":"users/3G6FnWOi0VUxafamR834tP4l6my1"},"__collections__":{}},"zLhyMCK4UmkKVIbVUVcr":{"Gommage":false,"create_time":{"__time__":"2022-03-04T09:53:19.815Z"},"description":"Cette recette est adaptée à tous les types de cheveux. Elle est idéale pour laver en douceur, fortifier, embellir et prendre soin naturellement des cheveux et du cuir chevelu","dureePrepa":5,"eauRincage":false,"etapes":"Étape 1/2 \nAjouter les actifs dans la base neutre liquide \n\nÉtape 2/2\nSecouer le mélange \n","gel":false,"isUp":false,"leaveIn":false,"listeIngredients":"🧴 Base neutre liquide \n\n🍚 28 gouttes de protéines de riz \n\n💦 28 gouttes de protéines de soie","masqueHydratant":false,"masqueNourissant":false,"masqueProteine":false,"nbIngredients":0,"niveauDifficulte":"Facile","photoPrincipale":"assets/shampoings/10.jpg","shampoing":true,"sprayLotion":false,"titre":"Shampoing aux protéines de riz et de soie","userCreate":{"__ref__":"users/8o5Q6btLCJSlb6DW0y2rTGqt7Ho1"},"__collections__":{}},"zLFEYlvCz0wlMicUeeEf":{"Gommage":false,"create_time":{"__time__":"2021-12-30T15:39:20.406Z"},"description":"Cette recette est particulièrement adaptée aux cheveux gras. Elle est une excellente alternative au shampoing pour réguler le sébum du cuir chevelu.","dureePrepa":5,"eauRincage":false,"etapes":"Étape 1/5\nMélanger les poudres et l'huile essentielle dans un pot\n\nÉtape 2/5\nRépartir un peu de poudre sur les racines à l'aide\nd'un pinceau\n\nÉtape 3/5\nMasser le cuir chevelu\n\nÉtape 4/5\nBrosser ses cheveux pour retirer l’excédent\n\nÉtape 5/5\nPossibilité de conserver le mélange dans un contenant\nen verre","gel":false,"isUp":false,"leaveIn":false,"listeIngredients":"💧2 cuillères à soupe de fécule de maïs (Maïzena)\n\n🍊2 cuillères à soupe de poudre d'orange\n\nFacultatif : \n🌱 3 gouttes d'huile essentielle de Pamplemousse\n\nNb: la quantité des poudres dépend de la longueur/épaisseur des cheveux \nNb: la quantité de l’eau dépend de la texture souhaitée\n","masqueHydratant":false,"masqueNourissant":false,"masqueProteine":false,"nbIngredients":0,"niveauDifficulte":"Facile","photoPrincipale":"assets/shampoings/2.jpg","shampoing":true,"sprayLotion":false,"titre":"Shampoing sec végétal","userCreate":{"__ref__":"users/3G6FnWOi0VUxafamR834tP4l6my1"},"__collections__":{}},"yqLYeJ2cvCUZvdieFBbk":{"Gommage":false,"create_time":{"__time__":"2022-01-03T16:35:13.089Z"},"description":"Cette recette est particulièrement adaptée aux cheveux gras. Elle est excellente pour réguler le sébum du cuir chevelu.","dureePrepa":5,"eauRincage":false,"etapes":"Étape 1/5\nMettre l’argile verte dans un bol\n\nÉtape 2/5\nAjouter de l’eau tiède jusqu’à obtention \nd’une pâte homogène\n\nÉtape 3/5\nAjouter le reste des ingrédients et mélanger le tout\n\nÉtape 4/5\nAppliquer des racines jusqu’aux pointes et masser\nle cuir chevelu\n\nÉtape 5/5\nLaisser reposer 20 à 30 minutes et rincer à l’eau claire\n","gel":false,"isUp":false,"leaveIn":false,"listeIngredients":"🍃 2 cuillères à soupe d’argile verte\n \n🥛 1 Yaourt nature \n\n🍋 Un zeste de jus de citron \n\n💧 Eau tiède\n\nNb: la quantité des poudres dépend de la longueur/épaisseur des cheveux \nNb: la quantité de l’eau dépend de la texture souhaitée\n","masqueHydratant":false,"masqueNourissant":false,"masqueProteine":false,"nbIngredients":0,"niveauDifficulte":"Facile","photoPrincipale":"assets/shampoings/12.jpg","shampoing":true,"sprayLotion":false,"titre":"Shampoing à l’Argile verte et au Yaourt","userCreate":{"__ref__":"users/3G6FnWOi0VUxafamR834tP4l6my1"},"__collections__":{}},"yowvSw3FuQB2fMRQaAkc":{"Gommage":false,"create_time":{"__time__":"2021-12-31T18:00:30.820Z"},"description":"Cette recette est particulièrement adaptée aux cheveux texturés. Elle permet d’apporter de l’hydratation, de rafraîchir les boucles et d’apaiser les démangeaisons.","dureePrepa":5,"eauRincage":false,"etapes":"Étape 1/4\nFaire bouillir l’eau et les feuilles de romarin\n\nÉtape 2/4\nFiltrer le mélange à l’aide d’un filtre à théière ou d’un chinois\n\nÉtape 3/4\nTransvaser dans un contenant spray de 100ml\n\nÉtape 4/4\nAppliquer quotidiennement sur le cuir chevelu pour le rafraîchir, le tonifier et le fortifier\n","gel":false,"isUp":false,"leaveIn":false,"listeIngredients":"💧 100ml d’eau \n\n🌿 2 ou 3 feuilles de romarin\n\n💦 19 gouttes de cosgard\n","masqueHydratant":false,"masqueNourissant":false,"masqueProteine":false,"nbIngredients":90,"niveauDifficulte":"Facile","photoPrincipale":"assets/lotion/7.jpg","shampoing":false,"sprayLotion":true,"titre":"Spray racines fortifiant","userCreate":{"__ref__":"users/3G6FnWOi0VUxafamR834tP4l6my1"},"__collections__":{}},"yjvOHC6ptTvfgWIwjLE5":{"Gommage":false,"create_time":{"__time__":"2022-01-03T13:20:19.908Z"},"description":"Cette recette est particulièrement adaptée aux cheveux texturés. Elle permet d’apporter de l’hydratation et de définir les boucles.","dureePrepa":10,"eauRincage":false,"etapes":"Étape 1/5\nDans une casserole, ajouter l’eau et les flocons d’avoine\n\nÉtape 2/5\nLaisser mijoter à feu doux pendant 10/15mn en remuant de temps en temps\n\nÉtape 3/5\nUne fois le temps écoulé, filtrer la préparation à l’aide d’un chinois ou d’un filtre à théière.\n\nÉtape 4/5\nLaisser refroidir, et ajouter l'huile essentielle et le cosgard.\n\nÉtape 5/5\nAppliquer le leave-in sur cheveux mouillés après la routine      de lavage\n","gel":false,"isUp":false,"leaveIn":true,"listeIngredients":"💧300ml d'eau\n\n🌾 6 cuillères à soupe de flocons d'avoine\n\n💦 57 gouttes de cosgard \n\nFacultatif : \n10 gouttes d'HE d'ylang-ylang\n","masqueHydratant":false,"masqueNourissant":false,"masqueProteine":false,"nbIngredients":90,"niveauDifficulte":"Facile","photoPrincipale":"assets/leavein/1.jpeg","shampoing":false,"sprayLotion":false,"titre":"Leave-in à l’Avoine","userCreate":{"__ref__":"users/3G6FnWOi0VUxafamR834tP4l6my1"},"__collections__":{}},"xzncxFfDirRVENeob6K1":{"Gommage":false,"create_time":{"__time__":"2022-01-03T18:28:11.811Z"},"description":"Cette recette est adaptée à tous les types de cheveux. \nElle est idéale pour nourrir en profondeur et fortifier les cheveux.\n","dureePrepa":5,"eauRincage":false,"etapes":"Étape 1/2\nLaisser macérer une semaine vos clous de girofle \ndans l’huile d’olive avant utilisation\n\nÉtape 2/2\nAppliquer le macérât 30min (ou 1h) avant votre shampoing \net masser le cuir chevelu\n","gel":false,"isUp":false,"leaveIn":false,"listeIngredients":"🫒 6 cuillères d’huile d'olive\n\n🍃 20 Clous de girofle\n","masqueHydratant":false,"masqueNourissant":true,"masqueProteine":false,"nbIngredients":180,"niveauDifficulte":"Facile","photoPrincipale":"assets/nourissant/14.jpg","shampoing":false,"sprayLotion":false,"titre":"Macérat de clous de girofle","userCreate":{"__ref__":"users/3G6FnWOi0VUxafamR834tP4l6my1"},"__collections__":{}},"xJk2hY7JWBgadonXqYBj":{"Gommage":false,"create_time":{"__time__":"2022-01-03T16:58:50.250Z"},"description":"Cette recette est adaptée à tous les types de cheveux. \nElle est idéale pour purifier le cuir chevelu en douceur, combattre les pellicules. Possibilité de l’utiliser comme shampoing clarifiant.\n","dureePrepa":10,"eauRincage":false,"etapes":"Étape 1/5\nMélanger l’argile \n\nÉtape 2/5\nAjouter de l’eau tiède jusqu’à obtention d’une \npâte homogène\n\nÉtape 3/5\nAjouter le vinaigre de cidre et mélanger le tout\n\nÉtape 4/5\nAppliquer des racines jusqu’aux pointes\n\nÉtape 5/5\nLaisser reposer 20 à 30 minutes et rincer à \nl’eau claire\n","gel":false,"isUp":false,"leaveIn":false,"listeIngredients":"🍃 6 cuillères d’argile verte \n\n🍎 1 cuillère à soupe de vinaigre de cidre \n\nNb: la quantité des poudres dépend de la longueur/épaisseur des cheveux \nNb: la quantité de l’eau dépend de la texture souhaitée\n","masqueHydratant":false,"masqueNourissant":false,"masqueProteine":false,"nbIngredients":0,"niveauDifficulte":"Facile","photoPrincipale":"assets/shampoings/25.jpg","shampoing":true,"sprayLotion":false,"titre":"Shampoing clarifiant à l'Argile verte","userCreate":{"__ref__":"users/3G6FnWOi0VUxafamR834tP4l6my1"},"__collections__":{}},"wLEDdmiAzkIWEs7Aao0n":{"Gommage":false,"create_time":{"__time__":"2022-01-20T16:25:14.000Z"},"description":"Cette recette est adaptée à tous les types de cheveux. Elle est à utiliser après avoir rincé tous les soins. Idéal pour fermer les écailles et apporter de la brillance.","dureePrepa":10,"eauRincage":true,"etapes":"Étape 1/6\nDans une casserole, mettre l’eau et l’hibiscus\n\nÉtape 2/6\nLaisser réchauffer pendant 5 min\n\nÉtape 3/6\nPrendre une grande bouteille en verre et un entonnoir\n\nÉtape 4/6\nVerser le mélange filtré dedans, laisser refroidir\n\nÉtape 5/6\nMettre au frais durant minimum 30 min\n\nÉtape 6/6\nAppliquer comme dernière eau de rinçage","free":true,"gel":false,"isUp":true,"leaveIn":false,"listeIngredients":"💧 1 L d’eau\n\n🌺 2 cuillères à soupe de poudre d’hibiscus\n","masqueHydratant":false,"masqueNourissant":false,"masqueProteine":false,"nbIngredients":0,"niveauDifficulte":"Facile","photoPrincipale":"assets/eau/4.jpg","shampoing":false,"sprayLotion":false,"titre":"Eau de rinçage à l'Hibiscus","userCreate":{"__ref__":"users/3G6FnWOi0VUxafamR834tP4l6my1"},"__collections__":{}},"vz3tZvhpztcnev3nIILg":{"Gommage":false,"create_time":{"__time__":"2021-12-31T18:02:32.019Z"},"description":"Cette recette est particulièrement adaptée aux cheveux texturés. Elle permet d’apporter de l’hydratation et de rafraîchir les boucles.","dureePrepa":5,"eauRincage":false,"etapes":"Étape 1/4\nMélanger l’ensemble des ingrédients.\n\nÉtape 2/4\nTransvaser dans un contenant spray de 100ml\n\nÉtape 3/4\nSecouer avant chaque utilisation\n\nÉtape 4/4\nVaporiser sur les longueurs","gel":false,"isUp":false,"leaveIn":false,"listeIngredients":"💧100 ml d’Eau\n\n🧴1 cuillère à soupe de glycérine végétale\n\n💦 19 gouttes de Cosgard\n","masqueHydratant":false,"masqueNourissant":false,"masqueProteine":false,"nbIngredients":90,"niveauDifficulte":"Facile","photoPrincipale":"assets/lotion/8.jpg","shampoing":false,"sprayLotion":true,"titre":"Spray hydratant à la Glycérine","userCreate":{"__ref__":"users/3G6FnWOi0VUxafamR834tP4l6my1"},"__collections__":{}},"uZN1RGqXfrSnj6w7nDtl":{"Gommage":false,"create_time":{"__time__":"2022-01-03T16:42:55.553Z"},"description":"Cette recette est adaptée à tous les types de cheveux. \nElle est idéale pour purifier le cuir chevelu en douceur. Possibilité de l’utiliser comme shampoing clarifiant.\n","dureePrepa":5,"eauRincage":false,"etapes":"Étape 1/3\nMélanger les 2 ingrédients \n\nÉtape 2/3\nAppliquer des racines jusqu’aux pointes et masser le cuir chevelu\n\nÉtape 3/3\nLaissez poser 10 à 15min avant de rincer à l’eau claire\n","gel":false,"isUp":false,"leaveIn":false,"listeIngredients":"⚫ 1 cuillère à soupe de charbon végétal \n\n🧴2 cuillères à soupe d’un après-shampoing ou masque capillaire \n","masqueHydratant":false,"masqueNourissant":false,"masqueProteine":false,"nbIngredients":0,"niveauDifficulte":"Facile","photoPrincipale":"assets/shampoings/16.jpg","shampoing":true,"sprayLotion":false,"titre":"Shampoing détox au Charbon végétal","userCreate":{"__ref__":"users/3G6FnWOi0VUxafamR834tP4l6my1"},"__collections__":{}},"uOo4HwwDaLcZDTeZKMsE":{"Gommage":false,"create_time":{"__time__":"2022-01-03T17:40:49.216Z"},"description":"Cette recette est adaptée à tous les types de cheveux. \nElle est idéale pour hydrater et fortifier.\n","dureePrepa":15,"eauRincage":false,"etapes":"Étape 1/5\nDans une casserole, ajouter l’eau et les flocons d’avoine \n\nÉtape 2/5\nLaisser mijoter à feu doux pendant 10/15mn \nen remuant de temps en temps\n\nÉtape 3/5\nUne fois le temps écoulé, filtrer la préparation à l’aide\nd’un chinois ou d’un filtre à théière\n\nÉtape 4/5\nLaisser refroidir, et ajouter le reste des ingrédients\n\nÉtape 5/5\nAppliquer sur les longueurs et laisser poser 30 min \nau minimum \n","gel":false,"isUp":false,"leaveIn":false,"listeIngredients":"💧 200ml d'eau\n\n🌾 3 cuillères à soupe de flocons d'avoine\n\n🧴 2 cuillères à soupe de glycérine végétale\n","masqueHydratant":true,"masqueNourissant":false,"masqueProteine":false,"nbIngredients":0,"niveauDifficulte":"Facile","photoPrincipale":"assets/hydratants/18.jpeg","shampoing":false,"sprayLotion":false,"titre":"Crème d’avoine à la Glycérine végétale ","userCreate":{"__ref__":"users/3G6FnWOi0VUxafamR834tP4l6my1"},"__collections__":{}},"tuDIJtK4rNoTISBBO1FL":{"Gommage":false,"create_time":{"__time__":"2021-12-30T22:04:20.118Z"},"description":"Cette recette est adaptée à tous les types de cheveux. Elle est idéale pour purifier le cuir chevelu en douceur, combattre les pellicules tout en apportant de l’hydratation.","dureePrepa":5,"eauRincage":false,"etapes":"Étape 1/5\nMélanger les poudres entre elles\n\nÉtape 2/5\nAjouter de l’eau tiède  jusqu’à obtention d’une\npâte homogène\n\nÉtape 3/5\nAjouter le reste des ingrédients et mélanger le tout\n\nÉtape 4/5\nAppliquer des racines jusqu’aux pointes et masser le cuir chevelu.\n\nÉtape 5/5\nLaisser reposer 20 à 30 minutes et rincer à l’eau claire","gel":false,"isUp":false,"leaveIn":false,"listeIngredients":"🌿 3 cuillères à soupe de poudre de reetha \n \n🌿 1 cuillère à soupe de poudre de guimauve\n\n💧 Eau tiède\n\n🍎 1 cuillère à soupe de vinaigre de cidre \n\nNb: la quantité des poudres dépend de la longueur/épaisseur des cheveux \nNb: la quantité de l’eau dépend de la texture souhaitée\n","masqueHydratant":false,"masqueNourissant":false,"masqueProteine":false,"nbIngredients":0,"niveauDifficulte":"Facile","photoPrincipale":"assets/shampoings/7.jpg","shampoing":true,"sprayLotion":false,"titre":"Shampoing à la poudre de Reetha","userCreate":{"__ref__":"users/3G6FnWOi0VUxafamR834tP4l6my1"},"__collections__":{}},"slX2VLvgmY18AmXVlrXM":{"Gommage":false,"create_time":{"__time__":"2021-12-30T21:58:46.221Z"},"description":"Cette recette est adaptée à tous les types de cheveux. \nElle permet de laver en douceur tout en apportant de l’hydratation. Idéal pour un soin lavant 2-en-1.\n","dureePrepa":5,"eauRincage":false,"etapes":"Étape 1/5\nMélanger les poudres entre elles\n\nÉtape 2/5\nAjouter de l’eau tiède jusqu’à obtention \nd’une pâte homogène\n\nÉtape 3/5\nAjouter le reste des ingrédients et mélanger le tout\n\nÉtape 4/5\nAppliquer des racines jusqu’aux pointes et masser le cuir chevelu\n\nÉtape 5/5\nLaisser reposer 20 à 30 minutes et rincer à l’eau claire","free":true,"gel":false,"isUp":true,"leaveIn":false,"listeIngredients":"🌿 2 cuillères à soupe de poudre de sidr\n\n🌿 2 cuillères à soupe de poudre de guimauve \n\n🍃 2 cuillères à soupe de spiruline \n\n🍯 1 cuillère à soupe de miel \n\nNb: la quantité des poudres dépend de la longueur/épaisseur des cheveux \nNb: la quantité de l’eau dépend de la texture souhaitée\n","masqueHydratant":false,"masqueNourissant":false,"masqueProteine":false,"nbIngredients":0,"niveauDifficulte":"Facile","photoPrincipale":"assets/shampoings/5.jpg","shampoing":true,"sprayLotion":false,"titre":"Shampoing tout doux","userCreate":{"__ref__":"users/3G6FnWOi0VUxafamR834tP4l6my1"},"__collections__":{}},"sOK9C3ZSzv5d35dqOVFx":{"Gommage":false,"create_time":{"__time__":"2022-01-03T18:14:36.148Z"},"description":"Cette recette est adaptée à tous les types de cheveux. \nElle est idéale pour nourrir en profondeur, apporter de la brillance et stimuler la pousse.\n","dureePrepa":5,"eauRincage":false,"etapes":"Étape 1/7\nDans un flacon (avec embout applicateur de préférence), verser les 2 huiles\n\nÉtape 2/7\nFermer et secouer\n\nÉtape 3/7\nFacultatif : ajouter le Maca Vital\n\nÉtape 4/7\nAppliquer le mélange avant le shampoing directement\nsur les racines et masser le cuir chevelu \n\nÉtape 5/7\nAppliquer ensuite sur les longueurs \n\nÉtape 6/7\nLaisser poser 30min à une nuit\n\nÉtape 7/7\nRincer à l’aide d’un shampoing\n\n⚠️ Pour toutes les personnes qui utilisent ce sérum pour la méthode de l’inversion, le sérum ne se rince pas et le shampoing est à faire uniquement le 7ème jour. \n","gel":false,"isUp":false,"leaveIn":false,"listeIngredients":"Pour une contenance de 50ml:\n\n🫒 ½ d’huile d’olive (≃ 3 cuillères à soupe)\n\n🌼 ½ d’huile de moutarde (≃ 3 cuillères à soupe)\n\nFacultatif :\n💧 8 gouttes de Maca vital\n","masqueHydratant":false,"masqueNourissant":true,"masqueProteine":false,"nbIngredients":180,"niveauDifficulte":"Facile","photoPrincipale":"assets/nourissant/6.jpeg","shampoing":false,"sprayLotion":false,"titre":"Sérum Pousse à l’huile d’olive et moutarde","userCreate":{"__ref__":"users/3G6FnWOi0VUxafamR834tP4l6my1"},"__collections__":{}},"sDSnSEukQ99hEuGHEtG9":{"Gommage":false,"create_time":{"__time__":"2022-01-03T17:21:46.729Z"},"description":"Cette recette est adaptée à tous les types de cheveux. \nElle est idéale pour hydrater et fortifier en profondeur.\n","dureePrepa":10,"eauRincage":false,"etapes":"Étape 1/6\nDans un verre d’eau, ajouter la Maïzena et mélanger \n\nÉtape 2/6\nAjouter le mélange dans une casserole et laisser \nmijoter jusqu’à obtention d’une texture crémeuse\n\nÉtape 3/6\nHors du feu, ajouter la compote et le miel\n\nÉtape 4/6\nAppliquer de la racine jusqu’aux pointes \n\nÉtape 5/6\nLaisser poser 30min \n\nÉtape 6/6\nRincer à l’eau claire\n","gel":false,"isUp":false,"leaveIn":false,"listeIngredients":"💧 2 cuillères à soupe de Maïzena\n\n💧 1 verre d’eau\n\n🍯 2 cuillères à soupe de Miel \n\n🍎 2 cuillères à soupe de compote de pommes\n","masqueHydratant":true,"masqueNourissant":false,"masqueProteine":false,"nbIngredients":0,"niveauDifficulte":"Facile","photoPrincipale":"assets/hydratants/14.jpeg","shampoing":false,"sprayLotion":false,"titre":"Masque à la Maïzena & à la compote","userCreate":{"__ref__":"users/3G6FnWOi0VUxafamR834tP4l6my1"},"__collections__":{}},"qy7dYE1Ehc2uZVBOtxAw":{"Gommage":false,"create_time":{"__time__":"2022-01-03T17:53:06.284Z"},"description":"Cette recette est adaptée à tous les types de cheveux. \nElle est idéale pour hydrater, fortifier et apporter de la brillance\n","dureePrepa":5,"eauRincage":false,"etapes":"Étape 1/5\nMélanger le henné dans un bol\n\nÉtape 2/5\nAjouter de l’eau tiède jusqu’à obtention \nd’une pâte homogène\n\nÉtape 3/5\nAjouter le reste des ingrédients et mélanger le tout\n\nÉtape 4/5\nAppliquer des racines jusqu’aux pointes\n\nÉtape 5/5\nLaisser reposer 20 à 30 minutes et rincer à l'eau claire.\n","gel":false,"isUp":false,"leaveIn":false,"listeIngredients":"🌿 6 cuillères à soupe de Henné neutre\n\n🍯 2 cuillères de miel \n\n🍃 2 cuillères de gel daloe vera\n\n💧 Eau tiède\n\nNb: la quantité des poudres dépend de la longueur/épaisseur des cheveux \nNb: la quantité de l’eau dépend de la texture souhaitée\n","masqueHydratant":true,"masqueNourissant":false,"masqueProteine":false,"nbIngredients":0,"niveauDifficulte":"Facile","photoPrincipale":"assets/hydratants/24.jpg","shampoing":false,"sprayLotion":false,"titre":"Henné gloss","userCreate":{"__ref__":"users/3G6FnWOi0VUxafamR834tP4l6my1"},"__collections__":{}},"ql6lPkdflM16dUdI05h5":{"Gommage":false,"create_time":{"__time__":"2022-01-03T18:20:45.398Z"},"description":"Cette recette est adaptée à tous les types de cheveux. \nElle est idéale pour nourrir en profondeur, fortifier les cheveux et stimuler la pousse\n","dureePrepa":5,"eauRincage":false,"etapes":"Étape 1/5\nMélanger les huiles végétales\n \nÉtape 2/5\nAppliquer le mélange avant le shampoing directement \nsur les racines et masser le cuir chevelu \n\nÉtape 3/5\nAppliquer ensuite sur les longueurs\n\nÉtape 4/5\nLaisser poser 30min à une nuit \n\nÉtape 5/5\nRincer à l’aide d’un shampoing\n","gel":false,"isUp":false,"leaveIn":false,"listeIngredients":"Pour une contenance de 50ml:\n\n🌸 ½  d’huile de nigelle (env. 3 cuillères à soupe)\n\n🥑 ¼  d’huile d’avocat (env. 1 cuillère à soupe)\n\n🍃 ¼  d’huile de ricin (env. 1 cuillère à soupe)","masqueHydratant":false,"masqueNourissant":true,"masqueProteine":false,"nbIngredients":0,"niveauDifficulte":"Facile","photoPrincipale":"assets/nourissant/20.png","shampoing":false,"sprayLotion":false,"titre":"Bain d’huile à l’huile de nigelle, d’avocat et de ricin","userCreate":{"__ref__":"users/3G6FnWOi0VUxafamR834tP4l6my1"},"__collections__":{}},"pXAUECVI5t8koUWIiiPI":{"Gommage":false,"create_time":{"__time__":"2021-12-30T22:01:51.849Z"},"description":"Cette recette est adaptée à tous les types de cheveux. Elle est idéale pour purifier le cuir chevelu en douceur, combattre les pellicules et lutter contre la chute de cheveux.","dureePrepa":10,"eauRincage":false,"etapes":"Étape 1/4\nMélanger les poudres entre elles\n\nÉtape 2/4\nAjouter de l’eau tiède jusqu’à obtention \nd’une pâte homogène\n\nÉtape 3/4\nAjouter le reste des ingrédients et mélanger le tout\n\nÉtape 4/4\nAppliquer des racines jusqu’aux pointes et masser le cuir chevelu.\n\nLaisser reposer 20 à 30 minutes et rincer à l’eau claire\n","gel":false,"isUp":false,"leaveIn":false,"listeIngredients":"🌿 3 cuillères à soupe de poudre de sidr\n\n🌿 3 cuillères à soupe de poudre d’ortie \n\n💧 Eau tiède\n\nFacultatif : \n🌱 5 gouttes essentielle de romarin \n\n\nNb: la quantité des poudres dépend de la longueur/épaisseur des cheveux \nNb: la quantité de l’eau dépend de la texture souhaitée\n","masqueHydratant":false,"masqueNourissant":false,"masqueProteine":false,"nbIngredients":0,"niveauDifficulte":"Facile","photoPrincipale":"assets/shampoings/6.jpg","shampoing":true,"sprayLotion":false,"titre":"Shampoing anti-pelliculaire à la poudre d’Ortie piquante","userCreate":{"__ref__":"users/3G6FnWOi0VUxafamR834tP4l6my1"},"__collections__":{}},"pITAisaotIFQ6z05QxHw":{"Gommage":false,"create_time":{"__time__":"2022-01-03T16:57:13.650Z"},"description":"Cette recette est adaptée à tous les types de cheveux. \nElle est idéale pour purifier le cuir chevelu en douceur, combattre les pellicules. Possibilité de l’utiliser comme shampoing clarifiant.\n","dureePrepa":5,"eauRincage":false,"etapes":"Étape 1/5\nMettre le shampoing végétal  dans un bol,\n\nÉtape 2/5\nAjouter de l’eau tiède jusqu’à obtention d’une pâte homogène\n\nÉtape 3/5\nAjouter le bicarbonate de soude\n\nÉtape 4/5\nAppliquer des racines jusqu’aux pointes et masser le cuir chevelu.\n\nÉtape 5/5\nLaisser reposer 20 à 30 minutes et rincer à l’eau claire\n","gel":false,"isUp":false,"leaveIn":false,"listeIngredients":"🌿 3 cuillères à soupe de shampoing végétal AZ\n\n🧂 1 cuillère à soupe de Bicarbonate de soude\n\n💧 Eau tiède\n\n\nNb: la quantité des poudres dépend de la longueur/épaisseur des cheveux \nNb: la quantité de l’eau dépend de la texture souhaitée\n","masqueHydratant":false,"masqueNourissant":false,"masqueProteine":false,"nbIngredients":0,"niveauDifficulte":"Facile","photoPrincipale":"assets/shampoings/24.jpg","shampoing":true,"sprayLotion":false,"titre":"Clarification express","userCreate":{"__ref__":"users/3G6FnWOi0VUxafamR834tP4l6my1"},"__collections__":{}},"o3gBtmoPEl2ErWYVpHx5":{"Gommage":false,"create_time":{"__time__":"2022-01-03T16:48:10.440Z"},"description":"Cette recette est adaptée à tous les types de cheveux. Elle permet de laver en douceur tout en apportant de l’hydratation. Idéal pour un soin lavant 2-en-1.","dureePrepa":5,"eauRincage":false,"etapes":"Étape 1/6\nMélanger la poudre \n\nÉtape 2/6\nAjouter de l’eau tiède jusqu’à l’obtention d’une pâte homogène\n\nÉtape 3/6\nAjouter l’aloe vera et mélanger le tout\n\nÉtape 4/6\nPossibilité d’utiliser un batteur électrique quelques minutes afin d’obtenir une texture chantilly \n\nÉtape 5/6\nAppliquer des racines jusqu’aux pointes et masser le cuir chevelu\n\nÉtape 6/6\nLaisser reposer 20 à 30 minutes et rincer à\nl’eau claire \n","gel":false,"isUp":false,"leaveIn":false,"listeIngredients":"🌿 6 cuillères à soupe de poudre de sidr\n\n🍃 3 cuillères à soupe de gel daloe vera\n\n💧 Eau tiède \n\nNb: la quantité des poudres dépend de la longueur/épaisseur des cheveux \nNb: la quantité de l’eau dépend de la texture souhaitée\n","masqueHydratant":false,"masqueNourissant":false,"masqueProteine":false,"nbIngredients":0,"niveauDifficulte":"Facile","photoPrincipale":"assets/shampoings/19.jpg","shampoing":true,"sprayLotion":false,"titre":"Chantilly de Sidr & Aloe Vera","userCreate":{"__ref__":"users/3G6FnWOi0VUxafamR834tP4l6my1"},"__collections__":{}},"nmAYu7JdFIx9r3BXJoIH":{"Gommage":false,"create_time":{"__time__":"2022-01-03T17:31:38.154Z"},"description":"Cette recette est adaptée à tous les types de cheveux. \nElle est idéale pour hydrater et apporter de la brillance\n","dureePrepa":5,"eauRincage":false,"etapes":"Étape 1/5\nMélanger les poudres entre elles\n\nÉtape 2/5\nAjouter de l’eau tiède jusqu’à obtention \nd’une pâte homogène\n\nÉtape 3/5\nAjouter la base neutre et mélanger le tout\n\nÉtape 4/5\nAppliquer des racines jusqu’aux pointes\n\nÉtape 5/5\nLaisser reposer 20 à 30 minutes et rincer à l'eau claire\n","gel":false,"isUp":false,"leaveIn":false,"listeIngredients":"🍚 1 cuillère à soupe de Riz en poudre\n\n🥥 2 cuillères à soupe de Lait de coco en poudre\n\n🌿 2 cuillères à soupe de poudre de Sidr \n\n🌿 1 cuillère à soupe de poudre de Guimauve\n \n💧 Eau tiède\n","masqueHydratant":true,"masqueNourissant":false,"masqueProteine":false,"nbIngredients":0,"niveauDifficulte":"Facile","photoPrincipale":"assets/hydratants/17.jpg","shampoing":false,"sprayLotion":false,"titre":"Masque hydratant Coco & Sidr","userCreate":{"__ref__":"users/3G6FnWOi0VUxafamR834tP4l6my1"},"__collections__":{}},"lr4FKvRN0roJNbbscWId":{"Gommage":false,"create_time":{"__time__":"2022-01-03T18:11:46.446Z"},"description":"Cette recette est adaptée à tous les types de cheveux. Elle est idéale pour nourrir en profondeur, apporter de la brillance et stimuler la pousse.","dureePrepa":5,"eauRincage":false,"etapes":"Étape 1/7\nDans un tube (avec embout applicateur \nde préférence), verser tous les ingrédients\n\nÉtape 2/7\nFermer et secouer\n\nÉtape 3/7\nFacultatif : ajouter les huiles essentielles.\n\nÉtape 4/7\nAppliquer le mélange avant le shampoing directement\nsur les racines et masser le cuir chevelu \npendant 5 minutes\n\nÉtape 5/7\nAppliquer ensuite sur les longueurs \n\nÉtape 6/7\nLaisser poser 30min à une nuit\n\nÉtape 7/7\nRincer à l’aide d’un shampoing\n","gel":false,"isUp":false,"leaveIn":false,"listeIngredients":"Pour une contenance de 50ml:\n\n🫒 ⅓  d’huile d’Olive (≃ 2 cuillères à soupe)\n\n🌺 ⅓  d’huile d’Hibiscus (≃ 2 cuillères à soupe)\n\n🥑 ⅓  d’huile d’Avocat (≃ 2 cuillères à soupe)\n\n\nFacultatif \n🌿 5 gouttes d’huile essentielle de bay-saint-thomas\n","masqueHydratant":false,"masqueNourissant":true,"masqueProteine":false,"nbIngredients":0,"niveauDifficulte":"Facile","photoPrincipale":"assets/nourissant/5.jpg","shampoing":false,"sprayLotion":false,"titre":"Bain d’huile à l’huile d’olive, hibiscus et avocat","userCreate":{"__ref__":"users/3G6FnWOi0VUxafamR834tP4l6my1"},"__collections__":{}},"l3d8VFh0ZtzqYbLcDt4N":{"Gommage":false,"create_time":{"__time__":"2021-12-31T14:36:36.448Z"},"description":"Cette recette est particulièrement adaptée aux cheveux texturés. Elle permet d’apporter de l’hydratation et de rafraîchir les boucles.","dureePrepa":5,"eauRincage":false,"etapes":"Étape 1/3\nMélanger l’ensemble des ingrédients\n\nÉtape 2/3\nTransvaser dans un contenant spray de 100ml\n\nÉtape 3/3\nSecouer avant chaque utilisation\n\n","gel":false,"isUp":false,"leaveIn":false,"listeIngredients":"💧 100 ml d’eau \n\n🍯 1 cuillère à café de miel \n\n💦 19 gouttes de cosgard\n","masqueHydratant":false,"masqueNourissant":false,"masqueProteine":false,"nbIngredients":90,"niveauDifficulte":"Facile","photoPrincipale":"assets/lotion/3.jpg","shampoing":false,"sprayLotion":true,"titre":"Spray hydratant au Miel","userCreate":{"__ref__":"users/3G6FnWOi0VUxafamR834tP4l6my1"},"__collections__":{}},"kJv0co9ECZ6W9BLZO2Wp":{"Gommage":false,"create_time":{"__time__":"2022-01-03T18:29:26.947Z"},"description":"Cette recette est adaptée à tous les types de cheveux. \nElle est idéale pour nourrir en profondeur et lutter contre les pellicules\n","dureePrepa":5,"eauRincage":false,"etapes":"Étape 1/4\nMélanger l’ensemble des ingrédients dans un bol\n\nÉtape 2/4\nAppliquer le mélange sur le cuir chevelu, les longueurs \net pointes. Masser le cuir chevelu\n\nÉtape 3/4\nLaisser poser 30 minutes \n\nÉtape 4/4\nRincer à l’aide d’un shampoing\n","gel":false,"isUp":false,"leaveIn":false,"listeIngredients":"🥛 1 yaourt\n\n🧂 1 cuillère à soupe de bicarbonate de soude\n\n🌿 5 gouttes d’huile essentielle de Tea Tree\n","masqueHydratant":false,"masqueNourissant":true,"masqueProteine":false,"nbIngredients":0,"niveauDifficulte":"Facile","photoPrincipale":"assets/nourissant/15.jpeg","shampoing":false,"sprayLotion":false,"titre":"Masque cheveux anti-pelliculaires","userCreate":{"__ref__":"users/3G6FnWOi0VUxafamR834tP4l6my1"},"__collections__":{}},"jmPlP99k9yzj87bTt1zy":{"Gommage":false,"create_time":{"__time__":"2022-01-03T17:51:37.335Z"},"description":"Cette recette est adaptée à tous les types de cheveux. \nElle est idéale pour hydrater, stimuler la pousse et apporter de la brillance.\n","dureePrepa":10,"eauRincage":false,"etapes":"Étape 1/6\nDans une casserole, ajouter la Maïzena et l’eau \net mélanger hors du feu\n\nÉtape 2/6\nÀ feu doux, mijoter la préparation jusqu’à l’obtention \nd’une texture crémeuse\n\nÉtape 3/6\nHors du feu, ajouter la poudre de Kapoor Kachli\n\nÉtape 4/6\nAppliquer de la racine jusqu’aux pointes \n\nÉtape 5/6\nLaisser poser 30min \n\nÉtape 6/6\nRincer à l’eau claire\n","gel":false,"isUp":false,"leaveIn":false,"listeIngredients":"💧2 cuillères à soupe de maïzena \n\n💧1 verre d’eau\n\n🌿 3 cuillères de kapoor kachli\n","masqueHydratant":true,"masqueNourissant":false,"masqueProteine":false,"nbIngredients":0,"niveauDifficulte":"Facile","photoPrincipale":"assets/hydratants/23.jpeg","shampoing":false,"sprayLotion":false,"titre":"Masque à la Maïzena & à la poudre de Kapoor Kachli","userCreate":{"__ref__":"users/3G6FnWOi0VUxafamR834tP4l6my1"},"__collections__":{}},"jVLxoZSxRz8bYoNwaNL5":{"Gommage":false,"create_time":{"__time__":"2022-01-03T18:23:52.773Z"},"description":"Cette recette est adaptée à tous les types de cheveux. \nElle est idéale pour nourrir en profondeur et fortifier les cheveux.\n","dureePrepa":10,"eauRincage":false,"etapes":"Étape 1/8 \nMettre les huiles dans un bol et fouetter énergiquement \n\nÉtape 2/8 \nMettre le mélange au congélateur pendant \nquelques minutes \n\nÉtape 3/8\nQuand le mélange commence à se figer et blanchir sur\nles bords, retirer du congélateur\n\nÉtape 4/8\nMixer le mélange à l’aide d’un batteur électrique \npour monter la préparation en chantilly\n\nÉtape 5/8\nAppliquer le mélange avant le shampoing \ndirectementsur les racines et masser le cuir chevelu\n\nÉtape 6/8 \nAppliquer ensuite sur les longueurs\n\nÉtape 7/8 \nLaisser poser 30min à une nuit \n\nÉtape 8/8 \nRincer à l’aide d’un shampoing","gel":false,"isUp":false,"leaveIn":false,"listeIngredients":"🥥 4 cuillères à soupe d’huile de coco\n\n🧈 3 cuillères à soupe de beurre de cacao\n","masqueHydratant":false,"masqueNourissant":true,"masqueProteine":false,"nbIngredients":0,"niveauDifficulte":"Facile","photoPrincipale":"assets/nourissant/11.jpg","shampoing":false,"sprayLotion":false,"titre":"Crème chantilly Coco & Cacao","userCreate":{"__ref__":"users/3G6FnWOi0VUxafamR834tP4l6my1"},"__collections__":{}},"ifGDuLXeDIxhFDTLQuWE":{"Gommage":false,"create_time":{"__time__":"2022-01-03T17:13:58.993Z"},"description":"Cette recette est adaptée à tous les types de cheveux. \nElle est idéale pour hydrater et fortifier en profondeur.\n","dureePrepa":10,"eauRincage":false,"etapes":"Étape 1/5\nMélanger la maïzena et le sucre dans une casserole \navant d’allumer le feu \n\nÉtape 2/5\nLaisser mijoter à feu doux jusqu’à l’obtention d’une pâte gélifiée. \n\nÉtape 3/5\nVerser dans un bol et laisser refroidir\n\nÉtape 4/5\nAppliquer des racines jusqu’aux pointes\n\nÉtape 5/5\nLaisser reposer 20 à 30 minutes et rincer à l'eau claire.\n","gel":false,"isUp":false,"leaveIn":false,"listeIngredients":"💧1 cuillère à soupe de Fécule de maïs (Maïzena)\n \n🧂 1 cuillère à soupe de Sucre blanc\n\n💧250 ml d’eau\n","masqueHydratant":true,"masqueNourissant":false,"masqueProteine":false,"nbIngredients":0,"niveauDifficulte":"Facile","photoPrincipale":"assets/hydratants/10.jpg","shampoing":false,"sprayLotion":false,"titre":"Masque à la Maïzena et au Sucre","userCreate":{"__ref__":"users/3G6FnWOi0VUxafamR834tP4l6my1"},"__collections__":{}},"iNyqCgLnhSoMHzkX9mA1":{"Gommage":false,"create_time":{"__time__":"2022-01-03T17:00:35.240Z"},"description":"Cette recette est adaptée à tous les types de cheveux. \nElle est idéale pour hydrater et fortifier en profondeur.\n","dureePrepa":5,"eauRincage":false,"etapes":"Étape 1/3\nMélanger tous les éléments jusqu'à obtention \nd’une pâte lisse et homogène. \n\nÉtape 2/3\nAppliquer sur les longueurs et laisser poser 30 min au minimum \n\nÉtape 3/3\nRincer à l’eau claire\n","gel":false,"isUp":false,"leaveIn":false,"listeIngredients":"🍃 1 cuillère à soupe de poudre de Spiruline\n\n💧 1 yaourt nature\n\n🍃 1 cuillère à soupe d'Aloe Vera\n\n🍯 1 cuillère à soupe de Miel\n","masqueHydratant":true,"masqueNourissant":false,"masqueProteine":false,"nbIngredients":0,"niveauDifficulte":"Facile","photoPrincipale":"assets/hydratants/1.jpg","shampoing":false,"sprayLotion":false,"titre":"Masque au Yaourt & à la Spiruline","userCreate":{"__ref__":"users/3G6FnWOi0VUxafamR834tP4l6my1"},"__collections__":{}},"i8ClMsZZ5uphBbS4aDo8":{"Gommage":false,"create_time":{"__time__":"2022-01-03T18:35:35.056Z"},"description":"Cette recette est adaptée à tous les types de cheveux. \nElle est idéale pour nourrir en profondeur, fortifier et stimuler la pousse.\n","dureePrepa":5,"eauRincage":false,"etapes":"Étape 1/6\nDans un tube (avec embout applicateur \nde préférence), verser tous les ingrédients\n\nÉtape 2/6\nFermer et secouer\n\nÉtape 3/6\nAppliquer le mélange avant le shampoing directement\nsur les racines et masser le cuir chevelu pendant \n5 minutes\n\nÉtape 4/6\nAppliquer ensuite sur les longueurs \n\nÉtape 5/6\nLaisser poser 30min à une nuit\n\nÉtape 6/6\nRincer à l’aide d’un shampoing\n","gel":false,"isUp":false,"leaveIn":false,"listeIngredients":"Pour une contenance de 50ml:\n\n🥥 ½ d’huile de Coco (≃ 3 cuillères à soupe)\n\n🫒 ½ d’huile d’olive (≃ 3 cuillères à soupe) ","masqueHydratant":false,"masqueNourissant":true,"masqueProteine":false,"nbIngredients":0,"niveauDifficulte":"Facile","photoPrincipale":"assets/nourissant/18.jpeg","shampoing":false,"sprayLotion":false,"titre":"Bain d’huile coco/olive","userCreate":{"__ref__":"users/3G6FnWOi0VUxafamR834tP4l6my1"},"__collections__":{}},"i4aCdlh5a1F9mdk5BktU":{"Gommage":false,"create_time":{"__time__":"2022-01-03T17:47:54.530Z"},"description":"Cette recette est adaptée à tous les types de cheveux. \nElle est idéale pour hydrater et apporter de la brillance\n","dureePrepa":10,"eauRincage":false,"etapes":"Étape 1/3\nMélanger l’ensemble des ingrédients\n\nÉtape 2/3\nAppliquer sur les longueurs et les démêler\n\nÉtape 3/3\nRincer à l’eau claire\n","gel":false,"isUp":false,"leaveIn":false,"listeIngredients":"💧300 ml d’Eau de riz\n\n🌿 4 cuillères à soupe de poudre de Guimauve\n","masqueHydratant":true,"masqueNourissant":false,"masqueProteine":false,"nbIngredients":0,"niveauDifficulte":"Facile","photoPrincipale":"assets/hydratants/21.jpg","shampoing":false,"sprayLotion":false,"titre":"Masque au Riz & à la Guimauve","userCreate":{"__ref__":"users/3G6FnWOi0VUxafamR834tP4l6my1"},"__collections__":{}},"i2JXT6yg0K4iItfmU3oL":{"Gommage":false,"create_time":{"__time__":"2022-01-03T18:07:27.689Z"},"description":"Cette recette est adaptée à tous les types de cheveux. \nElle est idéale pour nourrir en profondeur, apporter de la brillance et stimuler la pousse.\n","dureePrepa":10,"eauRincage":false,"etapes":"Étape 1/5\nFaire fondre au bain-marie l’ensemble des ingrédients\n\nÉtape 2/5\nUne fois le mélange fondu, laisser tiédir. Possibilité \nde mettre  le mélange au congélateur pendant \nquelques minutes\n\nÉtape 3/5\nQuand le mélange commence à se figer et blanchir \nsur les bords, retirer du congélateur \n\nÉtape 4/5\nMixer le mélange à l’aide d’un batteur électrique \npour monter  la préparation en chantilly\n\nÉtape 5/5\nTransférer la préparation dans un pot hermétique\n\nNb: pour aider la chantilly de karité à prendre et \nà monter, répéter le processus plusieurs fois \n(congélation + batteur électrique) jusqu’à la\ntexture désirée.\n","gel":false,"isUp":false,"leaveIn":false,"listeIngredients":"🧈 10 cuillères à soupe de beurre de karité \n\n🥥 6 cuillères à soupe d’huile de coco\n \n🍃 2 cuillères à soupe d’huile de jojoba\n\n🍃1 cuillère à soupe d’huile de ricin \n\n","masqueHydratant":false,"masqueNourissant":true,"masqueProteine":false,"nbIngredients":180,"niveauDifficulte":"Facile","photoPrincipale":"assets/nourissant/3.jpg","shampoing":false,"sprayLotion":false,"titre":"Chantilly de karité spéciale pousse","userCreate":{"__ref__":"users/3G6FnWOi0VUxafamR834tP4l6my1"},"__collections__":{}},"h7HnaxGZ6xAx0I5ehKZ0":{"Gommage":false,"create_time":{"__time__":"2022-01-03T16:37:59.296Z"},"description":"Shampoing clarifiant\n\nCette recette est adaptée à tous les types de cheveux. \nElle est idéale pour purifier le cuir chevelu en douceur, combattre les pellicules. Possibilité de l’utiliser comme shampoing clarifiant\n","dureePrepa":5,"eauRincage":false,"etapes":"Étape 1/4\nMélanger l’argile blanche et l’eau chaude dans un bol\n\nÉtape 2/4\nAjouter le reste des ingrédients et mélanger le tout\n\nÉtape 3/4\nAppliquer des racines jusqu’aux pointes et masser le cuir chevelu.\n\nÉtape 4/4\nLaisser reposer 20 à 30 minutes et rincer à l’eau claire\n\nNb : appliquer un soin hydratant directement \naprès avoir rincé\n","gel":false,"isUp":false,"leaveIn":false,"listeIngredients":"🌿 3 cuillères à soupe d’argile blanche \n\n🥥 4 cuillères à café de crème de coco \n\n🍃 2 cuillères à soupe de gel daloe vera\n\n🧂 1 cuillère à soupe d’Urée\n \n💧 Eau tiède \n","masqueHydratant":false,"masqueNourissant":false,"masqueProteine":false,"nbIngredients":0,"niveauDifficulte":"Facile","photoPrincipale":"assets/shampoings/13.jpg","shampoing":true,"sprayLotion":false,"titre":"Shampoing clarifiant à la Crème de Coco","userCreate":{"__ref__":"users/3G6FnWOi0VUxafamR834tP4l6my1"},"__collections__":{}},"glZCme3uholkO3GWItij":{"Gommage":false,"create_time":{"__time__":"2022-01-03T17:46:23.686Z"},"description":"Cette recette est adaptée à tous les types de cheveux. \nElle est idéale pour hydrater et apporter de la brillance\n","dureePrepa":15,"eauRincage":false,"etapes":"Étape 1/8\nRéaliser une infusion d’hibiscus \n\nÉtape 2/8\nVerser l’infusion dans une casserole et ajouter \nla maïzena\n\nÉtape 3/8\nMélanger la préparation jusqu’à obtenir une \nobtention d’une texture crémeuse\n\nÉtape 4/8\nMettre dans un bol le mélange et laisser tiédir \n\nÉtape 5/8\nAjouter le miel\n\nÉtape 6/8\nAppliquer des racines jusqu’aux pointes \n\nÉtape 7/8\nLaisser poser 30min \n\nÉtape 8/8\nRincer à l’eau claire\n","gel":false,"isUp":false,"leaveIn":false,"listeIngredients":"💧 2 cuillères à soupe de Fécule de Maïs\n\n🌺 150 ml d’infusion de fleurs d’Hibiscus \n\n🍯 1 cuillère à soupe de Miel\n\n","masqueHydratant":true,"masqueNourissant":false,"masqueProteine":false,"nbIngredients":0,"niveauDifficulte":"Facile","photoPrincipale":"assets/hydratants/20.jpeg","shampoing":false,"sprayLotion":false,"titre":"Masque à la maïzena et à l’infusion d'hibiscus","userCreate":{"__ref__":"users/3G6FnWOi0VUxafamR834tP4l6my1"},"__collections__":{}},"eo181yHbAaPxb1zVdgwk":{"Gommage":false,"create_time":{"__time__":"2022-01-03T16:53:47.936Z"},"description":"Cette recette est adaptée à tous les types de cheveux. Elle permet de laver en douceur tout en apportant de l’hydratation. Idéal pour un soin lavant 2-en-1.","dureePrepa":5,"eauRincage":false,"etapes":"Étape 1/5\nMélanger les poudres entre elles\n\nÉtape 2/5\nAjouter de l’eau tiède jusqu’à l’obtention \nd’une pâte homogène\n\nÉtape 3/5\nAjouter le miel et mélanger le tout\n\nÉtape 4/5\nAppliquer des racines jusqu’aux pointes et masser le cuir chevelu\n\nÉtape 5/5\nLaisser reposer 20 à 30 minutes et rincer à \nl’eau claire\n","gel":false,"isUp":false,"leaveIn":false,"listeIngredients":"🌿 3 cuillères à soupe de poudre de shikakaï\n\n🍃 2 cuillères à soupe de poudre damla\n\n🌿 2 cuillères à soupe de poudre de guimauve\n\n🍯 2 cuillères à soupe de miel\n\nNb: la quantité des poudres dépend de la longueur/épaisseur des cheveux \nNb: la quantité de l’eau dépend de la texture souhaitée\n","masqueHydratant":false,"masqueNourissant":false,"masqueProteine":false,"nbIngredients":0,"niveauDifficulte":"Facile","photoPrincipale":"assets/shampoings/22.jpg","shampoing":true,"sprayLotion":false,"titre":"Shampoing à la poudre de Shikakai, Amla et Guimauve","userCreate":{"__ref__":"users/3G6FnWOi0VUxafamR834tP4l6my1"},"__collections__":{}},"dLly9Z5aX7XOlAhVDxmz":{"Gommage":false,"create_time":{"__time__":"2022-01-03T16:17:28.163Z"},"description":"Cette recette est adaptée à tous les types de cheveux. Elle est à utiliser après avoir rincé tous les soins. Idéal pour fermer les écailles et apporter de la brillance.","dureePrepa":5,"eauRincage":true,"etapes":"Étape 1/4\nMélanger l’eau et le vinaigre de cidre\n\nÉtape 2/4\nPrendre une grande bouteille en verre et un entonnoir\n\nÉtape 3/4\nVerser le mélange dedans\n\nÉtape 4/4\nAppliquer comme dernière eau de rinçage\n","gel":false,"isUp":false,"leaveIn":false,"listeIngredients":"💧1 L d'eau\n\n🍎 3 cuillères à soupe de Vinaigre de Cidre\n","masqueHydratant":false,"masqueNourissant":false,"masqueProteine":false,"nbIngredients":0,"niveauDifficulte":"Facile","photoPrincipale":"assets/eau/1.jpg","shampoing":false,"sprayLotion":false,"titre":"Eau de rinçage brillance","userCreate":{"__ref__":"users/3G6FnWOi0VUxafamR834tP4l6my1"},"__collections__":{}},"d5v9iV9JCmC9hAijbTPn":{"Gommage":false,"create_time":{"__time__":"2022-01-03T18:09:33.505Z"},"description":"Cette recette est adaptée à tous les types de cheveux. \nElle est idéale pour nourrir en profondeur, apporter de la brillance et stimuler la pousse.\n","dureePrepa":5,"eauRincage":false,"etapes":"Étape 1/7\nDans un flacon (avec embout applicateur de préférence), verser les 2 huiles. \n\nÉtape 2/7\nFermer et secouer\n\nÉtape 3/7\nFacultatif : ajouter les huiles essentielles.\n\nÉtape 4/7\nAppliquer le mélange avant le shampoing directement \nsur les racines et masser le cuir chevelu \n\nÉtape 5/7\nAppliquer ensuite sur les longueurs \n\nÉtape 6/7\nLaisser poser 30min à une nuit\n\nÉtape 7/7\nRincer à l’aide d’un shampoing\n","gel":false,"isUp":false,"leaveIn":false,"listeIngredients":"Pour une contenance de 50ml:\n\n🍃½   d’huile de Ricin (env. 3 cuillères à soupe)\n\n🌼½   d’huile de Moutarde (env. 3 cuillères à soupe)\n\nFacultatif : \n\n🌱 Huile essentielle de menthe poivrée : 3 gouttes\n🌿 Huile essentielle d’ylang-ylang : 3 gouttes\n","masqueHydratant":false,"masqueNourissant":true,"masqueProteine":false,"nbIngredients":180,"niveauDifficulte":"Facile","photoPrincipale":"assets/nourissant/4.jpeg","shampoing":false,"sprayLotion":false,"titre":"Sérum « coup de pousse »","userCreate":{"__ref__":"users/3G6FnWOi0VUxafamR834tP4l6my1"},"__collections__":{}},"cTaOfbzK0WPC0sOQ2NOm":{"Gommage":false,"create_time":{"__time__":"2022-01-03T18:00:20.178Z"},"description":"Cette recette est adaptée à tous les types de cheveux. \nElle est idéale pour hydrater, fortifier et apporter de la brillance\n","dureePrepa":10,"eauRincage":false,"etapes":"Étape 1/5\nDans une casserole, ajouter la Maïzena et \nl’eau et mélanger hors du feu\n\nÉtape 2/5\nÀ feu doux, mijoter la préparation jusqu’à l’obtention \nd’une texture crémeuse\n\nÉtape 3/5\nHors du feu, ajouter le miel, les protéines de soie \net le gel d’aloe vera\n\nÉtape 4/5\nAppliquer des racines jusqu’aux pointes\n\nÉtape 5/5\nLaisser reposer 20 à 30 minutes et rincer\nà l'eau claire\n","gel":false,"isUp":false,"leaveIn":false,"listeIngredients":"💧 2 cuillères à soupe de Maïzena\n\n💧 1 verre d’eau \n\n🍃 1 cuillère à soupe de gel daloe vera \n\n🍯 2 cuillères de miel\n\n💧 15 gouttes de Protéines de soie\n","masqueHydratant":false,"masqueNourissant":false,"masqueProteine":true,"nbIngredients":0,"niveauDifficulte":"Facile","photoPrincipale":"assets/proteine/4.jpeg","shampoing":false,"sprayLotion":false,"titre":"Masque protéiné à la Maïzena et au gel d’Aloe Vera","userCreate":{"__ref__":"users/3G6FnWOi0VUxafamR834tP4l6my1"},"__collections__":{}},"c9cnG3KXWoN2XKMZpnrt":{"Gommage":false,"create_time":{"__time__":"2022-01-03T16:49:57.579Z"},"description":"Cette recette est adaptée à tous les types de cheveux. Elle permet de laver en douceur tout en apportant de l’hydratation. Idéal pour un soin lavant 2-en-1.","dureePrepa":5,"eauRincage":false,"etapes":"Étape 1/6\nMélanger les poudres entre elles \n\nÉtape 2/6\nAjouter de l’eau tiède jusqu’à l’obtention \nd’une pâte homogène\n\nÉtape 3/6\nAjouter l’aloe vera et mélanger le tout\n\nÉtape 4/6\nPossibilité d’utiliser un batteur électrique quelques minutes afin d’obtenir une texture chantilly \n\nÉtape 5/6\nAppliquer des racines jusqu’aux pointes et masser le cuir chevelu\n\nÉtape 6/6\nLaisser reposer 20 à 30 minutes et rincer à l’eau claire\n","gel":false,"isUp":false,"leaveIn":false,"listeIngredients":"🌿 4 cuillères à soupe de poudre de reetha \n\n🌿 2 cuillères à soupe de poudre de guimauve\n\n🍃 2 cuillères à soupe de gel daloe vera\n\n💧 Eau tiède \n\nNb: la quantité des poudres dépend de la longueur/épaisseur des cheveux \nNb: la quantité de l’eau dépend de la texture souhaitée\n","masqueHydratant":false,"masqueNourissant":false,"masqueProteine":false,"nbIngredients":0,"niveauDifficulte":"Facile","photoPrincipale":"assets/shampoings/20.jpg","shampoing":true,"sprayLotion":false,"titre":"Chantilly à la poudre de Reetha & Guimauve","userCreate":{"__ref__":"users/3G6FnWOi0VUxafamR834tP4l6my1"},"__collections__":{}},"bEfpsYn38gsLvawLOHrp":{"Gommage":false,"create_time":{"__time__":"2022-01-03T18:16:08.692Z"},"description":"Cette recette est adaptée à tous les types de cheveux. \nElle est idéale pour nourrir en profondeur et fortifier les cheveux. Ce baume peut se conserver jusqu'à 3 mois à l'abris de la lumière.\n","dureePrepa":10,"eauRincage":false,"etapes":"Étape 1/6\nFaire fondre le beurre de mangue au bain marie\n\nÉtape 2/6\nHors du feu, ajouter le reste des ingrédients \net mélanger\n\nÉtape 3/6\nVerser la préparation dans un contenant en pot\n\nÉtape 4/6\nLaisser reposer le mélanger au frais 10 minutes \n\nÉtape 5/6\nAppliquer sur les longueurs et les pointes \navant le shampoing ou pour sceller l’hydratation\n\nÉtape 6/6\nLaisser poser 30min à une nuit\n","gel":false,"isUp":false,"leaveIn":false,"listeIngredients":"🥭 10 cuillères à soupe de beurre de mangue\n\n🍇 2 cuillères à soupe d’huile de pépin de raisin\n \n🌺 2 cuillères à soupe d’huile dhibiscus\n\n🍃 1 cuillère à soupe d’huile de baobab\n\n🍃 1 cuillère à soupe d’huile de ricin \n\n","masqueHydratant":false,"masqueNourissant":true,"masqueProteine":false,"nbIngredients":90,"niveauDifficulte":"Facile","photoPrincipale":"assets/nourissant/7.jpg","shampoing":false,"sprayLotion":false,"titre":"Baume réparateur au Beurre de Mangue","userCreate":{"__ref__":"users/3G6FnWOi0VUxafamR834tP4l6my1"},"__collections__":{}},"bCxft2arPixFbmCEiCCB":{"Gommage":false,"create_time":{"__time__":"2022-01-03T13:11:27.184Z"},"description":"Cette recette est adaptée aux cheveux texturés. Elle permet d’apporter de l’hydratation et de définir les boucles. \nElle peut aussi s’utiliser en tant que masque hydratant. Elle se conserve 3 jours au frais mais tu peux prolonger sa durée de conservation à 3 mois en ajoutant du cosgard.\n","dureePrepa":5,"eauRincage":false,"etapes":"Étape 1/3\nMélanger tous les ingrédients les uns après les autres dans    un contenant de 100ml\n\nÉtape 2/3\nSecouer le contenant avant chaque utilisation\n\nÉtape 3/3\nAppliquer sur cheveux mouillés après la routine de lavage","gel":true,"isUp":false,"leaveIn":false,"listeIngredients":"🍃 1 cuillère à soupe d’huile d'amla\n\n🍃 4 cuillères à soupe de gel daloe vera\n\n🌿 10 gouttes d’huile essentielle d’ylang-ylang \n\n🧴 1 cuillère à café de glycérine végétale\n\nFacultatif:\n💦 19 gouttes de cosgard ","masqueHydratant":false,"masqueNourissant":false,"masqueProteine":false,"nbIngredients":3,"niveauDifficulte":"Facile","photoPrincipale":"assets/gel/7.jpg","shampoing":false,"sprayLotion":false,"titre":"Gel/Sérum hydratant","userCreate":{"__ref__":"users/3G6FnWOi0VUxafamR834tP4l6my1"},"__collections__":{}},"akYB6BmQtBaoBgLjLCon":{"Gommage":false,"create_time":{"__time__":"2022-01-03T17:09:05.619Z"},"description":"Cette recette est adaptée à tous les types de cheveux. \nElle est idéale pour hydrater et fortifier en profondeur.\n","dureePrepa":5,"eauRincage":false,"etapes":"Étape 1/3\nMélanger tous les ingrédients ensemble\n \nÉtape 2/3\nAppliquer des racines jusqu’aux pointes\n\nÉtape 3/3\nLaisser reposer 20 à 30 minutes et rincer à l'eau claire\n","gel":false,"isUp":false,"leaveIn":false,"listeIngredients":"💧 2 cuillères à soupe de masque capillaire \n\n🍎 2 cuillères à soupe de compote de pommes \n\n💧 1 cuillère à soupe de glycérine végétale\n","masqueHydratant":true,"masqueNourissant":false,"masqueProteine":false,"nbIngredients":0,"niveauDifficulte":"Facile","photoPrincipale":"assets/hydratants/7.jpeg","shampoing":false,"sprayLotion":false,"titre":"Compotée d’hydratation","userCreate":{"__ref__":"users/3G6FnWOi0VUxafamR834tP4l6my1"},"__collections__":{}},"ZqnZgMOrrVF8yuJPzghJ":{"Gommage":false,"create_time":{"__time__":"2021-12-30T21:51:20.256Z"},"description":"Cette recette est adaptée à tous les types de cheveux. Elle permet de laver en douceur tout en apportant de l’hydratation. Idéal pour un soin lavant 2-en-1.","dureePrepa":5,"eauRincage":false,"etapes":"Étape 1/6\nMélanger les poudres entre elles\n\nÉtape 2/6\nAjouter de l’eau tiède jusqu’à obtention d’une pâte      homogène\n\nÉtape 3/6\nAjouter le reste des ingrédients et mélanger le tout\n\nÉtape 4/6\nPossibilité d’utiliser un batteur électrique quelques minutes afin d’obtenir une texture chantilly\n\nÉtape 5/6\nAppliquer des racines jusqu’aux pointes et masser le cuir chevelu\n\nÉtape 6/6\nLaisser reposer 20 à 30 minutes et rincer à l’eau claire \n","gel":false,"isUp":false,"leaveIn":false,"listeIngredients":"🌿 3 cuillères à soupe de poudre de sidr\n\n🌿 1 cuillère à soupe de poudre de neem\n\n🌿 1 cuillère à soupe de poudre de tulsi \n\n🌿 1 cuillère à soupe de pulpe de fruit de baobab \n\n🧂 2 cuillères à soupe de sucre de sirop \n\n💧  Eau tiède\n\nNb: la quantité des poudres dépend de la longueur/épaisseur des cheveux \nNb: la quantité de l’eau dépend de la texture souhaitée\n","masqueHydratant":false,"masqueNourissant":false,"masqueProteine":false,"nbIngredients":0,"niveauDifficulte":"Facile","photoPrincipale":"assets/shampoings/4.jpg","shampoing":true,"sprayLotion":false,"titre":"No poo apaisant & détoxifiant","userCreate":{"__ref__":"users/3G6FnWOi0VUxafamR834tP4l6my1"},"__collections__":{}},"Zj0i8evRtyDhXYQa8qby":{"Gommage":false,"create_time":{"__time__":"2022-02-01T22:10:14.000Z"},"description":"Cette recette est adaptée à tous les types de cheveux. \nElle est idéale pour purifier le cuir chevelu en douceur, combattre les pellicules. Possibilité de l’utiliser comme shampoing clarifiant.\n","dureePrepa":5,"eauRincage":false,"etapes":"Étape 1/5\nMélanger les poudres entre elles\n\nÉtape 2/5\nAjouter de l’eau tiède jusqu’à obtention d’une pâte homogène\n\nÉtape 3/5\nAjouter le reste des ingrédients et mélanger le tout\n\nÉtape 4/5\nAppliquer des racines jusqu’aux pointes et masser le cuir chevelu\n\nÉtape 5/5\nLaisser reposer 20 à 30 minutes et rincer à l’eau claire","free":true,"gel":false,"isUp":false,"leaveIn":false,"listeIngredients":"🍃 2 cuillères à soupe d’argile verte \n\n🌿 2 cuillères à soupe de Poudre d’ortie\n\n🍯 1 cuillère à soupe de mélasse \n\n💧  Eau tiède \n\nNb: la quantité des poudres dépend de la longueur/épaisseur des cheveux \nNb: la quantité de l’eau dépend de la texture souhaitée\n","masqueHydratant":false,"masqueNourissant":false,"masqueProteine":false,"nbIngredients":0,"niveauDifficulte":"Facile","photoPrincipale":"assets/shampoings/9.jpg","shampoing":true,"sprayLotion":false,"titre":"No-poo purifiant et fortifiant à l’Argile verte et à la poudre d’Ortie","userCreate":{"__ref__":"users/2G6FnWOi0VUxafamR834tP4l6my2"},"__collections__":{}},"Y5AGtOl74PxDjqz9E9ea":{"Gommage":false,"create_time":{"__time__":"2022-01-03T17:20:04.451Z"},"description":"Cette recette est adaptée à tous les types de cheveux. Elle est idéale pour hydrater, fortifier et apporter de la brillance.","dureePrepa":10,"eauRincage":false,"etapes":"Étape 1/5\nDans une casserole, ajouter l’eau et les flocons d’avoine \n\nÉtape 2/5\nLaisser mijoter à feu doux pendant 10/15mn en \nremuant de temps en temps\n\nÉtape 3/5\nUne fois le temps écoulé, filtrer la préparation à l’aide \nd’un chinois ou d’un filtre à théière\n\nÉtape 4/5\nLaisser refroidir, et ajouter le reste des ingrédients\n\nÉtape 5/5\nAppliquer sur les longueurs et laisser poser 30 min au minimum\n","gel":false,"isUp":false,"leaveIn":false,"listeIngredients":"💧 200ml d'eau\n\n🌾 3 cuillères à soupe de Flocons d'avoine\n\n🍃 2 cuillères à soupe de gel daloe vera\n\n🍯 2 cuillères à soupe de miel \n\nFacultatif :\n🌺 3 gouttes d’huile essentielle de camomille romaine\n","masqueHydratant":true,"masqueNourissant":false,"masqueProteine":false,"nbIngredients":0,"niveauDifficulte":"Facile","photoPrincipale":"assets/hydratants/13.jpeg","shampoing":false,"sprayLotion":false,"titre":"Crème d’avoine au miel","userCreate":{"__ref__":"users/3G6FnWOi0VUxafamR834tP4l6my1"},"__collections__":{}},"Xp8Lns1wNgSZx3AGdKIV":{"Gommage":false,"create_time":{"__time__":"2022-01-03T18:26:58.594Z"},"description":"Cette recette est adaptée à tous les types de cheveux. \nElle est idéale pour nourrir en profondeur et fortifier les cheveux.\n","dureePrepa":5,"eauRincage":false,"etapes":"Étape 1/5\nDans un bol mélanger l’ensemble des ingrédients\n\nÉtape 2/5\nMixer la préparation au batteur électrique\njusqu’à obtention d’une texture crémeuse \n\nÉtape 3/5\nAppliquer le mélange sur le cuir chevelu, les longueurs \net pointes \n\nÉtape 4/5\nLaisser poser 30min à une nuit\n\nÉtape 5/5\nRincer à l’aide d’un shampoing\n","gel":false,"isUp":false,"leaveIn":false,"listeIngredients":"🥚 2 oeufs \n\n🍋 1 cuillère à soupe de jus de citron\n\n🫒 2 cuillères à soupe d’huile d’olive","masqueHydratant":false,"masqueNourissant":true,"masqueProteine":false,"nbIngredients":0,"niveauDifficulte":"Facile","photoPrincipale":"assets/nourissant/13.jpeg","shampoing":false,"sprayLotion":false,"titre":"Mayonnaise capillaire","userCreate":{"__ref__":"users/3G6FnWOi0VUxafamR834tP4l6my1"},"__collections__":{}},"X5dzv2iVVCSFDa5rhrSz":{"Gommage":false,"create_time":{"__time__":"2021-12-30T15:44:43.940Z"},"description":"Cette recette est adaptée à tous les types de cheveux. Elle permet de laver en douceur tout en apportant de l’hydratation. Idéal pour un soin lavant 2 en 1.","dureePrepa":5,"eauRincage":false,"etapes":"Étape 1/6\nMélanger les poudres entre elles\n\nÉtape 2/6\nAjouter de l’eau tiède jusqu’à l’obtention d’une pâte      homogène\n\nÉtape 3/6\nAjouter le reste des ingrédients et mélanger le tout\n\nÉtape 4/6\nPossibilité d’utiliser un batteur électrique quelques minutes afin d’obtenir une texture chantilly\n\nÉtape 5/6\nAppliquer des racines jusqu’aux pointes et masser le cuir chevelu\n\nÉtape 6/6\nLaisser reposer 20 à 30 minutes et rincer à l’eau claire","gel":false,"isUp":false,"leaveIn":false,"listeIngredients":"🌿 3 cuillères à soupe de poudre de sidr\n\n🌿 1 cuillère à soupe de Poudre de lalo\n\n🌿 1 cuillère à soupe de pulpe de fruit de baobab\n\n🌿 2 cuillères à soupe de sirop d’agave\n\n💧Eau tiède \n\nNb: la quantité des poudres dépend de la longueur/épaisseur des cheveux \nNb: la quantité de l’eau dépend de la texture souhaitée\n","masqueHydratant":false,"masqueNourissant":false,"masqueProteine":false,"nbIngredients":0,"niveauDifficulte":"Facile","photoPrincipale":"assets/shampoings/3.jpg","shampoing":true,"sprayLotion":false,"titre":"Chantilly de Sidr aux 2 Baobabs","userCreate":{"__ref__":"users/3G6FnWOi0VUxafamR834tP4l6my1"},"__collections__":{}},"WFMxYxSR4ahlt7CqMlCc":{"Gommage":false,"create_time":{"__time__":"2022-01-03T17:12:22.358Z"},"description":"Cette recette est adaptée à tous les types de cheveux. \nElle est idéale pour hydrater et fortifier en profondeur.\n","dureePrepa":5,"eauRincage":false,"etapes":"Étape 1/4\nMettre la compote de pommes dans un bol\n\nÉtape 2/4\nAjouter le reste des ingrédients et mélanger\n\nÉtape 3/4\nAppliquer sur les longueurs et laisser poser 30 min au minimum \n\nÉtape 4/4\nRincer à l’eau claire\n","gel":false,"isUp":false,"leaveIn":false,"listeIngredients":"🍎 2 petits pots de compotes de pommes\n \n🍃 2 cuillères à soupe de gel daloe vera \n \n🍃 5 gouttes d’extrait de pépins de pamplemousse \n","masqueHydratant":true,"masqueNourissant":false,"masqueProteine":false,"nbIngredients":0,"niveauDifficulte":"Facile","photoPrincipale":"assets/hydratants/9.jpeg","shampoing":false,"sprayLotion":false,"titre":"Masque à la Compote & Aloe vera ","userCreate":{"__ref__":"users/3G6FnWOi0VUxafamR834tP4l6my1"},"__collections__":{}}}}