{"meta":{"format":"JSON","version":"1.1.0","projectId":"mizzuphotels","resourcePath":["detailsWeekProg"],"recursive":false,"creationTime":1662445045,"app":"firefoo"},"data":{"progDecouverteSem1":{"create_time":{"__time__":"2022-01-08T14:49:15.917Z"},"progRef":{"__ref__":"programmes/decouverte"},"recette1":{"__ref__":"recettes/xJk2hY7JWBgadonXqYBj"},"recette2":{"__ref__":"recettes/ifGDuLXeDIxhFDTLQuWE"},"recette3":{"__ref__":"recettes/LHSBSjculvYWEYzVA78F"},"semaineNumero":1,"texte1":"","texte2":"Pour styliser tes cheveux tu peux également réaliser un leave-in (voir Leave-In Express) et un gel (voir Gel de lin) pour hydrater et définir tes boucles","titreEtape1":"Clarification","titreEtape2":"Masque Hydratant","titreEtape3":"","userRef":{"__ref__":"users/y1YeQGilIeYT2oOw4vKKD2lfFt13"},"__collections__":{}},"progDecouverteSem2":{"create_time":{"__time__":"2022-01-08T14:49:15.917Z"},"progRef":{"__ref__":"programmes/decouverte"},"recette1":{"__ref__":"recettes/Xp8Lns1wNgSZx3AGdKIV"},"recette2":{"__ref__":"recettes/slX2VLvgmY18AmXVlrXM"},"recette3":{"__ref__":"recettes/Ovmp8tIphXRzkOG2yqFx"},"semaineNumero":2,"texte1":"","texte2":"Pour rafraîchir et hydrater tes boucles au long de la semaine si besoin, tu peux également réaliser un spray (voir Spray hydratant à la glycérine végétale & Aloe vera)","titreEtape1":"Soin nourrissant","titreEtape2":"Shampoing ","titreEtape3":"","userRef":{"__ref__":"users/y1YeQGilIeYT2oOw4vKKD2lfFt13"},"__collections__":{}}}}