{"meta":{"format":"JSON","version":"1.1.0","projectId":"mizzuphotels","resourcePath":["listIngredients"],"recursive":false,"creationTime":1662377514,"app":"firefoo"},"data":{"Cosgard":{"create_time":{"__time__":"2022-03-16T13:28:48.529Z"},"divers":true,"huilesAroma":false,"huilesBaB":false,"image":"https://firebasestorage.googleapis.com/v0/b/chapchap0.appspot.com/o/programmes%2Fcosgard.png?alt=media&token=0e7cdd6c-4566-472c-abed-40a65d541714","lienExterne":"https://www.aroma-zone.com/info/fiche-technique/conservateur-cosgard-aroma-zone#ae5","poudresAroma":false,"poudresBaB":false,"progRef":{"__ref__":"programmes/decouverte"},"titre":"Cosgard","__collections__":{}},"Riz":{"create_time":{"__time__":"2022-03-16T13:28:48.529Z"},"divers":true,"huilesAroma":false,"huilesBaB":false,"image":"https://firebasestorage.googleapis.com/v0/b/chapchap0.appspot.com/o/programmes%2Friz.jpg?alt=media&token=8fd43de3-1078-41ea-abcc-58089d615951","lienExterne":"","poudresAroma":false,"poudresBaB":false,"progRef":{"__ref__":"programmes/decouverte"},"titre":"Riz","__collections__":{}},"argileVerte":{"create_time":{"__time__":"2022-03-16T12:04:42.313Z"},"divers":false,"huilesAroma":false,"huilesBaB":false,"image":"https://firebasestorage.googleapis.com/v0/b/chapchap0.appspot.com/o/users%2F8o5Q6btLCJSlb6DW0y2rTGqt7Ho1%2Fuploads%2F1647432263791000.jpg?alt=media&token=12255ffc-48bb-466d-ae2e-db664d80865c","lienExterne":"https://www.aroma-zone.com/info/fiche-technique/argile-montmorillonite-verte-surfine-aroma-zone#ae5","poudresAroma":true,"poudresBaB":false,"progRef":{"__ref__":"programmes/decouverte"},"titre":"Argile verte","__collections__":{}},"citron":{"create_time":{"__time__":"2022-03-16T13:29:19.500Z"},"divers":true,"huilesAroma":false,"huilesBaB":false,"image":"https://firebasestorage.googleapis.com/v0/b/chapchap0.appspot.com/o/users%2F8o5Q6btLCJSlb6DW0y2rTGqt7Ho1%2Fuploads%2F1647437352268000.jpg?alt=media&token=0c4a9b56-7354-434f-a9ed-326482a549fb","lienExterne":"","poudresAroma":false,"poudresBaB":false,"progRef":{"__ref__":"programmes/decouverte"},"titre":"Citron","__collections__":{}},"gelAloeVera":{"create_time":{"__time__":"2022-03-16T13:28:48.529Z"},"divers":true,"huilesAroma":false,"huilesBaB":false,"image":"https://firebasestorage.googleapis.com/v0/b/chapchap0.appspot.com/o/programmes%2FgelAloeVera.jpeg?alt=media&token=038c8de0-c357-4dd1-b3cc-677c0eeb491f","lienExterne":"https://www.aroma-zone.com/info/fiche-technique/gel-natif-daloe-vera-bio-aroma-zone#ae5","poudresAroma":false,"poudresBaB":false,"progRef":{"__ref__":"programmes/decouverte"},"titre":"Gel Aloe Vera","__collections__":{}},"glycerineVegetale":{"create_time":{"__time__":"2022-03-16T13:28:48.529Z"},"divers":true,"huilesAroma":false,"huilesBaB":false,"image":"https://firebasestorage.googleapis.com/v0/b/chapchap0.appspot.com/o/programmes%2FglycerineVegetale.png?alt=media&token=87fa9c52-bc57-4488-b152-c39f96df7780","lienExterne":"https://www.aroma-zone.com/info/fiche-technique/glycerine-vegetale-aroma-zone#ae5","poudresAroma":false,"poudresBaB":false,"progRef":{"__ref__":"programmes/decouverte"},"titre":"Glycérine Végétale","__collections__":{}},"graineDeLin":{"create_time":{"__time__":"2022-03-16T13:28:48.529Z"},"divers":true,"huilesAroma":false,"huilesBaB":false,"image":"https://firebasestorage.googleapis.com/v0/b/chapchap0.appspot.com/o/programmes%2F70a54e5a-f9bd-4b16-af93-d70012db4a71-1.jpg?alt=media&token=2b75bb24-1313-42fd-9f03-88e64b20396f","lienExterne":"","poudresAroma":false,"poudresBaB":false,"progRef":{"__ref__":"programmes/decouverte"},"titre":"Graine de lin","__collections__":{}},"huileBrocolis":{"create_time":{"__time__":"2022-03-16T13:26:23.611Z"},"divers":false,"huilesAroma":true,"huilesBaB":false,"image":"https://firebasestorage.googleapis.com/v0/b/chapchap0.appspot.com/o/programmes%2FhuileBrocoli.png?alt=media&token=ad8f8f8a-7b2c-424b-b486-9622d80ae943","lienExterne":"https://www.aroma-zone.com/info/fiche-technique/huile-vegetale-brocoli-bio-aroma-zone#ae5","poudresAroma":false,"poudresBaB":false,"progRef":{"__ref__":"programmes/decouverte"},"titre":"Huile de Brocoli","__collections__":{}},"huileOlive":{"create_time":{"__time__":"2022-03-16T13:26:23.611Z"},"divers":false,"huilesAroma":true,"huilesBaB":false,"image":"https://firebasestorage.googleapis.com/v0/b/chapchap0.appspot.com/o/users%2F8o5Q6btLCJSlb6DW0y2rTGqt7Ho1%2Fuploads%2F1647437174952000.jpg?alt=media&token=9fd0a562-6e8f-47b1-a916-3b11ac0d34c3","lienExterne":"https://www.aroma-zone.com/info/fiche-technique/huile-vegetale-olive-bio-aroma-zone#ae5","poudresAroma":false,"poudresBaB":false,"progRef":{"__ref__":"programmes/decouverte"},"titre":"Huile d'olive","__collections__":{}},"masqueHydratantNourrissant":{"create_time":{"__time__":"2022-03-16T13:33:06.279Z"},"divers":false,"huilesAroma":false,"huilesBaB":true,"image":"https://firebasestorage.googleapis.com/v0/b/chapchap0.appspot.com/o/users%2F8o5Q6btLCJSlb6DW0y2rTGqt7Ho1%2Fuploads%2F1647437572632000.jpg?alt=media&token=846f3b93-f920-4860-966d-e27bf6f4fa56","lienExterne":"https://baraboucle.com/products/masque-creme-extranourrissant?_pos=1&_sid=f3779fb71&_ss=r#ae238","poudresAroma":false,"poudresBaB":false,"progRef":{"__ref__":"programmes/decouverte"},"titre":"Masque hydratant et nourrissant","__collections__":{}},"oeufs":{"create_time":{"__time__":"2022-03-16T13:29:40.819Z"},"divers":true,"huilesAroma":false,"huilesBaB":false,"image":"https://firebasestorage.googleapis.com/v0/b/chapchap0.appspot.com/o/users%2F8o5Q6btLCJSlb6DW0y2rTGqt7Ho1%2Fuploads%2F1647437371717000.jpg?alt=media&token=b58981d1-fced-4466-a689-28ddf21bde00","lienExterne":"","poudresAroma":false,"poudresBaB":false,"progRef":{"__ref__":"programmes/decouverte"},"titre":"Oeuf","__collections__":{}},"poudreGuimauve":{"create_time":{"__time__":"2022-03-16T12:20:22.429Z"},"divers":false,"huilesAroma":false,"huilesBaB":false,"image":"https://firebasestorage.googleapis.com/v0/b/chapchap0.appspot.com/o/users%2F8o5Q6btLCJSlb6DW0y2rTGqt7Ho1%2Fuploads%2F1647433212874000.jpg?alt=media&token=d9b9d4ac-774f-4bb2-94a2-4b8b1c84b680","lienExterne":"https://www.aroma-zone.com/info/fiche-technique/guimauve-en-poudre-aroma-zone#ae5","poudresAroma":true,"poudresBaB":false,"progRef":{"__ref__":"programmes/decouverte"},"titre":"Poudre de Guimauve","__collections__":{}},"poudreSidr":{"create_time":{"__time__":"2022-03-16T13:23:03.796Z"},"divers":false,"huilesAroma":false,"huilesBaB":false,"image":"https://firebasestorage.googleapis.com/v0/b/chapchap0.appspot.com/o/users%2F8o5Q6btLCJSlb6DW0y2rTGqt7Ho1%2Fuploads%2F1647436973029000.jpg?alt=media&token=7513abe4-16c9-4af9-b6d3-b0822ca66e98","lienExterne":"https://www.aroma-zone.com/info/fiche-technique/poudre-ayurvedique-sidr-bio-aroma-zone#ae5","poudresAroma":true,"poudresBaB":false,"progRef":{"__ref__":"programmes/decouverte"},"titre":"Poudre de Sidr","__collections__":{}},"shampoing":{"create_time":{"__time__":"2022-03-16T13:34:28.882Z"},"divers":false,"huilesAroma":false,"huilesBaB":true,"image":"https://firebasestorage.googleapis.com/v0/b/chapchap0.appspot.com/o/users%2F8o5Q6btLCJSlb6DW0y2rTGqt7Ho1%2Fuploads%2F1647437660651000.jpg?alt=media&token=05aedf18-fc70-4254-94aa-f70123ff63af","lienExterne":"https://baraboucle.com/products/shampoing-magic-figue?_pos=2&_sid=70386e9b0&_ss=r#ae238","poudresAroma":false,"poudresBaB":false,"progRef":{"__ref__":"programmes/decouverte"},"titre":"Shampoing","__collections__":{}},"apresShampoing":{"create_time":{"__time__":"2022-03-16T13:34:28.882Z"},"divers":false,"huilesAroma":false,"huilesBaB":true,"image":"https://firebasestorage.googleapis.com/v0/b/chapchap0.appspot.com/o/programmes%2FapresShampoing.png?alt=media&token=2bd1b008-738f-42ee-b3dd-fbe28dab2223","lienExterne":"https://baraboucle.com/products/apres-shampoing-pink-paradise#ae238","poudresAroma":false,"poudresBaB":false,"progRef":{"__ref__":"programmes/decouverte"},"titre":"Après-Shampoing","__collections__":{}},"shampoingClarifiant":{"create_time":{"__time__":"2022-03-16T12:23:03.856Z"},"divers":false,"huilesAroma":false,"huilesBaB":true,"image":"https://firebasestorage.googleapis.com/v0/b/chapchap0.appspot.com/o/users%2F8o5Q6btLCJSlb6DW0y2rTGqt7Ho1%2Fuploads%2F1647433363463000.jpg?alt=media&token=0c968086-aca9-4ae3-a627-772b38e7743b","lienExterne":"https://baraboucle.com/products/coconut-mint-curl-refresh-clay-wash?_pos=2&_sid=51d9b1271&_ss=r#ae238","number":2,"poudresAroma":false,"poudresBaB":false,"progRef":{"__ref__":"programmes/decouverte"},"titre":"Shampoing clarifiant","__collections__":{}},"spiruline":{"create_time":{"__time__":"2022-03-16T13:24:21.712Z"},"divers":false,"huilesAroma":false,"huilesBaB":false,"image":"https://firebasestorage.googleapis.com/v0/b/chapchap0.appspot.com/o/users%2F8o5Q6btLCJSlb6DW0y2rTGqt7Ho1%2Fuploads%2F1647437051470000.jpg?alt=media&token=97d7ab07-1b61-448e-9849-180d3c1c575b","lienExterne":"https://www.aroma-zone.com/info/fiche-technique/actif-marin-spiruline-aroma-zone#ae5","poudresAroma":true,"poudresBaB":false,"progRef":{"__ref__":"programmes/decouverte"},"titre":"Spiruline","__collections__":{}},"sucre":{"create_time":{"__time__":"2022-03-16T13:31:13.452Z"},"divers":true,"huilesAroma":false,"huilesBaB":false,"image":"https://firebasestorage.googleapis.com/v0/b/chapchap0.appspot.com/o/users%2F8o5Q6btLCJSlb6DW0y2rTGqt7Ho1%2Fuploads%2F1647437467514000.jpg?alt=media&token=4451bb92-aa04-4587-a7b7-53af8bd0e355","lienExterne":"","poudresAroma":false,"poudresBaB":false,"progRef":{"__ref__":"programmes/decouverte"},"titre":"Sucre blanc","__collections__":{}},"vinaigreCidre":{"create_time":{"__time__":"2022-03-16T13:28:48.529Z"},"divers":true,"huilesAroma":false,"huilesBaB":false,"image":"https://firebasestorage.googleapis.com/v0/b/chapchap0.appspot.com/o/users%2F8o5Q6btLCJSlb6DW0y2rTGqt7Ho1%2Fuploads%2F1647437318860000.jpg?alt=media&token=50ef255d-b7c4-4862-8de8-b97b5549561c","lienExterne":"","poudresAroma":false,"poudresBaB":false,"progRef":{"__ref__":"programmes/decouverte"},"titre":"Vinaigre de cidre","__collections__":{}}}}